geocodigo,mes_inicio_seca
4301305,11
4305439,11
4307104,11
4311007,11
4315602,11
4317301,10
4301875,6
4315305,6
4300034,10
4301602,3
4306601,6
4311502,2
4316402,6
4316972,2
4317103,6
4318309,6
4300638,2
4301073,11
4302808,2
4303004,2
4304358,11
4304507,2
4304663,11
4305124,11
4306502,2
4306908,2
4309654,3
4312252,2
4312450,11
4313953,2
4314175,11
4314209,11
4314407,11
4314506,3
4314605,3
4315701,2
4317004,2
4318804,11
4319604,2
4322327,11
4323457,2
4300604,2
4300851,11
4301107,2
4301636,11
4301750,2
4301909,2
4302709,2
4303509,11
4304671,2
4305173,2
4305447,2
4305454,2
4306056,11
4306767,2
4309308,2
4311981,2
4312500,11
4313656,11
4314902,2
4318408,2
4318507,11
4320354,2
4320552,2
4321105,2
4321352,11
4321600,2
4323002,2
4310603,6
4322400,6
4300406,6
4301503,6
4302501,6
4302907,6
4303301,6
4304655,6
4305009,7
4305207,6
4305871,7
4306353,6
4306379,6
4306932,6
4307831,6
4308656,6
4309506,6
4310553,6
4311106,6
4311130,6
4311155,6
4311718,6
4311759,6
4312104,6
4312179,6
4313037,6
4314555,6
4315321,6
4315958,6
4316303,6
4316477,6
4317400,6
4317509,6
4317707,6
4318002,6
4318101,6
4318903,6
4319158,6
4319208,6
4319372,6
4319406,6
4319802,6
4320321,6
4320578,6
4321493,6
4322202,6
4322343,6
4322376,6
4323754,6
4300059,7
4300109,1
4300208,7
4300471,7
4300554,2
4301206,1
4301404,2
4302006,2
4302220,6
4302238,1
4302451,2
4302584,7
4303558,2
4304101,1
4304200,2
4304614,2
4304705,7
4305132,2
4305306,7
4305603,7
4305702,7
4305835,2
4305850,7
4305975,2
4306106,6
4306205,2
4306700,1
4307054,7
4307500,2
4307815,6
4308003,1
4308300,2
4308409,2
4308433,2
4308458,1
4308854,2
4309159,2
4309571,2
4309753,1
4309951,2
4310009,7
4310207,7
4310306,2
4310538,6
4310579,2
4310751,1
4310876,1
4311205,1
4311239,2
4311254,2
4311270,2
4311809,2
4312054,2
4312138,2
4312153,2
4312351,2
4312427,2
4312658,7
4312674,7
4312757,2
4313003,2
4313102,1
4313334,7
4313391,2
4313904,7
4314027,2
4314068,2
4314076,2
4314100,2
4314308,7
4314472,1
4314779,7
4315131,2
4315156,2
4315206,2
4315354,2
4315453,2
4315503,2
4316436,7
4316451,1
4316709,7
4316758,2
4316808,2
4316907,6
4317756,7
4318432,1
4318465,2
4319125,6
4320263,1
4320305,2
4320453,2
4320503,7
4320651,1
4320677,2
4320701,2
4320800,2
4320909,7
4321006,2
4321469,7
4321626,2
4322152,1
4322350,2
4322525,2
4322533,2
4322608,2
4322707,2
4323200,7
4323358,7
4323408,2
4203253,2
4213807,6
4216503,3
4300570,2
4300661,2
4300703,2
4300802,2
4300877,2
4301008,2
4301651,2
4302105,2
4302253,2
4302303,2
4302352,2
4302402,2
4302659,2
4303103,2
4303608,6
4303673,3
4303905,2
4304408,2
4304606,2
4304622,2
4304689,2
4304697,2
4304713,2
4304804,2
4304903,2
4304952,2
4305108,2
4305355,2
4305504,2
4305587,2
4305934,2
4305959,2
4306304,2
4306403,2
4306452,2
4306759,2
4306809,2
4307401,2
4307609,2
4307708,2
4307807,2
4307864,2
4307906,2
4308078,2
4308102,2
4308201,2
4308607,2
4308805,2
4309050,2
4309100,2
4309209,2
4309258,2
4309407,2
4309555,2
4309803,6
4309902,2
4310108,2
4310330,2
4310363,2
4310439,2
4310652,6
4310801,2
4311122,3
4311304,2
4311403,2
4311627,2
4311643,2
4311734,6
4311775,5
4311791,2
4312377,3
4312385,2
4312401,2
4312476,2
4312609,2
4312617,2
4312625,2
4312807,2
4312906,2
4313060,2
4313086,2
4313201,2
4313300,2
4313359,2
4313375,2
4313409,2
4313508,2
4314001,2
4314035,2
4314050,2
4314159,2
4314423,2
4314548,2
4314753,2
4314803,2
4315149,2
4315172,2
4315750,2
4315800,2
4316006,2
4316501,2
4316733,7
4316956,2
4317251,2
4317558,2
4317608,2
4318051,2
4318200,2
4318440,2
4318481,2
4318614,2
4318705,2
4319000,3
4319356,2
4319505,2
4319711,2
4319752,2
4319901,2
4320008,2
4320404,2
4320859,2
4321204,2
4321303,2
4321436,6
4321451,2
4321709,2
4321832,6
4322004,2
4322251,2
4322509,2
4322541,2
4322558,2
4322806,2
4322855,2
4323309,2
4323606,2
4323770,2
4323804,6
4201406,6
4201505,6
4201950,6
4202073,6
4202503,4
4202800,6
4203956,6
4204251,6
4204608,6
4205191,6
4205456,6
4205704,6
4206108,6
4206207,6
4207007,6
4207205,6
4207304,6
4208708,6
4208807,6
4209409,6
4209607,6
4210407,6
4210803,6
4211207,6
4211256,6
4211603,6
4211702,6
4212254,6
4212403,6
4212650,6
4214904,6
4215455,6
4215604,6
4215653,6
4216404,6
4217006,6
4217105,6
4217600,6
4217709,6
4218103,6
4218350,6
4218400,6
4218707,6
4218806,6
4218905,5
4218954,3
4219002,6
4220000,6
4301057,6
4304630,6
4306551,6
4312443,6
4318622,6
4321501,4
4321667,6
4300307,6
4300455,7
4302204,7
4303707,6
4304309,6
4306007,7
4306734,7
4307450,7
4309001,6
4309605,7
4310405,7
4310413,7
4313011,7
4313425,6
4315008,6
4315057,6
4315073,6
4315107,6
4317202,6
4317905,6
4318499,7
4319307,6
4321477,7
4321808,7
4322103,7
4322301,6
4102604,7
4103156,7
4103222,7
4105706,7
4107850,7
4108403,7
4109658,7
4114351,7
4114401,7
4115309,7
4115408,7
4118501,7
4119251,7
4121604,6
4122800,7
4124400,7
4128708,6
4200101,7
4200507,7
4200556,7
4200804,7
4201273,7
4201653,7
4202081,7
4202099,7
4202156,6
4202537,7
4202578,7
4203105,7
4203501,7
4204103,7
4204202,7
4204301,7
4204350,7
4204400,7
4204459,7
4204707,7
4204756,7
4204905,7
4205001,7
4205175,7
4205308,7
4205357,7
4205431,7
4205605,7
4206405,7
4206603,7
4206652,7
4207650,7
4207684,7
4207700,7
4207759,7
4207858,7
4208005,7
4208401,7
4208955,7
4209177,6
4209458,7
4209854,7
4210506,7
4210555,7
4210902,6
4211009,7
4211405,7
4211454,7
4211652,7
4211850,7
4211876,7
4212007,7
4212106,7
4212239,7
4212908,6
4213153,7
4214151,7
4214201,7
4215075,7
4215208,7
4215356,7
4215554,7
4215687,7
4215695,7
4215752,7
4216008,7
4216107,7
4216255,7
4216701,7
4216909,7
4217154,7
4217204,7
4217303,7
4217501,7
4217550,7
4217758,7
4217956,6
4218756,7
4218855,7
4219101,7
4219507,7
4219606,7
4219705,7
4300505,7
4300646,7
4300901,7
4301552,7
4301701,7
4301859,7
4301925,7
4301958,7
4302055,7
4302154,7
4302378,7
4302600,7
4303400,7
4303806,7
4304002,7
4305157,7
4305371,7
4305405,7
4305801,7
4305900,7
4306072,7
4306130,7
4306320,7
4306429,7
4306924,7
4306957,7
4306973,7
4307005,7
4307203,7
4307302,7
4307559,7
4308052,7
4308250,7
4308508,7
4308706,7
4308904,7
4309126,7
4309704,7
4310462,7
4310504,7
4310702,7
4310850,7
4310900,7
4311429,7
4311601,7
4312005,7
4312302,7
4312708,7
4312955,7
4313441,7
4313466,7
4313490,7
4313706,7
4313805,7
4314134,7
4314456,7
4314498,7
4314704,7
4314787,7
4315313,7
4315404,7
4315552,7
4315909,7
4316105,7
4316204,7
4316428,7
4317806,7
4318457,7
4319109,7
4319364,7
4319703,7
4319737,7
4320107,7
4320206,7
4320230,7
4320602,7
4321329,7
4321402,7
4321634,7
4321857,7
4321907,7
4321956,7
4322905,7
4323101,7
4323507,7
4323705,7
4102901,7
4106456,7
4108502,6
4117602,7
4118600,7
4118709,7
4120309,6
4128203,6
4200051,2
4200408,7
4200754,7
4201000,2
4201604,6
4202131,6
4202875,6
4203006,6
4203154,6
4203402,2
4203600,6
4203808,6
4203907,6
4204004,6
4204152,6
4204178,2
4204558,2
4204806,6
4205209,6
4205506,6
4205555,6
4206702,6
4206751,6
4206801,6
4207577,6
4207601,6
4207809,6
4207908,6
4208609,6
4209003,6
4209201,6
4209300,2
4209706,6
4210035,6
4210050,6
4210100,4
4210308,6
4210704,6
4210852,6
4211058,6
4211108,4
4211801,6
4211892,3
4212056,4
4212205,4
4212270,6
4212601,6
4213005,6
4213104,6
4213302,6
4213351,6
4213401,6
4213609,6
4213906,6
4214409,6
4214508,4
4215307,6
4215406,7
4215505,4
4216057,6
4216800,2
4217808,6
4217907,6
4218251,6
4218301,7
4218509,7
4219150,6
4219176,7
4219309,6
4219853,6
4301800,2
4303202,6
4304853,6
4305116,6
4311700,6
4311908,7
4312203,6
4313607,6
4314464,2
4316600,6
4317954,2
4318424,6
4318606,2
4322186,2
4100301,6
4119103,6
4122305,5
4200200,6
4200309,6
4200606,6
4200705,6
4200903,6
4201109,6
4201208,6
4201257,6
4201307,6
4201703,6
4201802,6
4201901,6
4202008,6
4202057,6
4202107,6
4202206,6
4202305,6
4202404,6
4202438,4
4202453,6
4202602,4
4202701,6
4202859,6
4202909,6
4203204,6
4203303,6
4203709,6
4204194,6
4204509,6
4205100,6
4205159,4
4205407,6
4205803,6
4205902,6
4206009,6
4206306,6
4206504,5
4206900,6
4207106,6
4207403,6
4207502,6
4208104,6
4208203,6
4208302,6
4208450,6
4208500,6
4208906,6
4209102,6
4209151,6
4209508,6
4209805,6
4209904,6
4210001,6
4210209,6
4210605,5
4211306,6
4211504,6
4211751,4
4211900,6
4212304,6
4212502,6
4212700,6
4212809,6
4213203,6
4213500,6
4213708,6
4214003,6
4214102,6
4214300,6
4214607,6
4214706,6
4214805,6
4215000,6
4215059,3
4215109,6
4215679,6
4215703,6
4215802,6
4215901,6
4216206,6
4216305,6
4216354,5
4216602,6
4217253,6
4217402,6
4218004,6
4218202,6
4218608,6
4219200,6
4219358,6
4219408,6
4107157,7
4107538,7
4108304,7
4108809,6
4110953,7
4114609,7
4115804,7
4115853,7
4116059,7
4118451,7
4121257,7
4123501,7
4124053,7
4125456,7
4125704,7
4126355,7
4127403,7
4100459,7
4100707,6
4101002,7
4101051,7
4102000,7
4102505,7
4102752,7
4103008,7
4103024,7
4103057,7
4103354,7
4103370,6
4103453,7
4103909,7
4104055,7
4104303,7
4104428,7
4104451,7
4104501,7
4104600,7
4104808,7
4105003,7
4105300,7
4105409,7
4106308,7
4106506,7
4106555,7
4106571,7
4107124,7
4107207,7
4107405,7
4107546,7
4107553,7
4108205,6
4108320,7
4108452,7
4108601,6
4109302,7
4109757,7
4110052,7
4110607,6
4110656,7
4110805,7
4111209,7
4112207,7
4112751,7
4112959,7
4113254,7
4113304,7
4113452,7
4113734,7
4114005,7
4115101,6
4115358,7
4115457,7
4115606,7
4115739,7
4116109,7
4116703,7
4116802,7
4116950,7
4117057,7
4117222,7
4117255,7
4117453,7
4117800,7
4117909,7
4119004,7
4119806,7
4120150,7
4120358,7
4120655,6
4120853,7
4120903,7
4121356,7
4121406,7
4122156,7
4122503,7
4123006,7
4123808,7
4123824,7
4124020,7
4124806,7
4125209,6
4125753,7
4126272,7
4126652,7
4127700,7
4127858,7
4127957,7
4128005,7
4128559,7
4128609,7
4128658,7
4101309,7
4101655,7
4101853,7
4103040,7
4103958,7
4104402,7
4104659,7
4106803,5
4106852,6
4107603,7
4107736,6
4108551,7
4108650,7
4108700,7
4108957,6
4109401,7
4110078,7
4110102,6
4110201,6
4110508,7
4110706,7
4111407,7
4111506,7
4112504,7
4113429,6
4113759,7
4113908,6
4114500,7
4117271,7
4117305,7
4117701,5
4119301,7
4119400,7
4119608,7
4120606,7
4121505,7
4121703,7
4121752,7
4122008,7
4122172,7
4122651,7
4123857,7
4125100,7
4125605,7
4127007,6
4127106,7
4127502,7
4127965,7
4128534,7
3502705,6
3505351,6
3505401,6
3507159,7
3509254,7
3509908,6
3510203,6
3514809,6
3517604,6
3521200,6
3522158,6
3522653,6
3523206,7
3524600,6
3532827,6
3542800,6
3543006,6
3543253,6
4100202,4
4100400,6
4101200,6
4101606,7
4101804,6
4102307,7
4103107,6
4104006,6
4104105,6
4104204,7
4104253,6
4104907,6
4105201,5
4105805,6
4106209,5
4106902,6
4107652,7
4109500,6
4109609,6
4111258,6
4112009,6
4113205,5
4114302,5
4115705,6
4116208,6
4118204,6
4119152,6
4119509,6
4119905,4
4119954,6
4120101,6
4120804,6
4121208,6
4122206,6
4125506,5
4126306,7
4127601,5
4127882,4
4128633,6
3520301,6
3520426,6
3522109,6
3523305,6
3526100,6
3529906,6
3531100,6
3536208,6
3537206,6
3537602,6
3541000,6
3542602,6
3551801,6
5000906,6
5000609,6
5001243,6
5002407,6
5003157,6
5003454,6
5003504,6
5003702,6
5003751,6
5003801,6
5004007,6
5004304,6
5004502,6
5004601,6
5004809,6
5005152,6
5005251,6
5005681,6
5006358,7
5006606,5
5007703,7
5007950,6
5008404,6
3515350,6
3528700,7
3530201,7
3544251,6
3554300,6
4100509,6
4100608,6
4100905,6
4101705,7
4102208,6
4103479,6
4105508,7
4105607,7
4106605,7
4106704,6
4107108,6
4107256,6
4107306,7
4107504,7
4107520,7
4107702,7
4107801,6
4107900,7
4108908,6
4109104,7
4109906,6
4110300,6
4110409,7
4111100,7
4111308,6
4111555,6
4111605,7
4112405,7
4112603,6
4113007,7
4113502,7
4114104,6
4114708,6
4115002,6
4115903,6
4116505,6
4116901,6
4117107,6
4117206,6
4117404,6
4117503,6
4118006,6
4118105,7
4118303,6
4118402,6
4118808,7
4118857,6
4118907,6
4119707,7
4120200,6
4120408,6
4121000,6
4121109,7
4122602,7
4123303,6
4123709,7
4123956,7
4124202,6
4124608,6
4124905,6
4125308,6
4125357,6
4125555,7
4125902,6
4126108,7
4126702,6
4126801,7
4126900,6
4127205,7
4127304,6
4127908,7
4128104,7
4128302,6
4128625,6
4128807,7
5000807,6
5000856,6
5002001,6
5004700,6
5005103,6
5005707,6
5006200,6
5006259,6
5007976,6
3501301,7
3502408,7
3504008,7
3507209,7
3510005,7
3513306,7
3514700,7
3515301,7
3516101,7
3519501,7
3519907,7
3520608,7
3525607,7
3527900,7
3528809,7
3529203,7
3532157,7
3532207,7
3534104,7
3534500,7
3535309,7
3535507,7
3537156,7
3539202,7
3539707,7
3540002,7
3541208,7
3541703,7
3542008,7
3542206,7
3542404,7
3545506,7
3547700,7
3552908,7
3553906,7
3553955,7
4100103,7
4100806,7
4101101,7
4101150,7
4101408,6
4101507,6
4101903,6
4102109,6
4102406,7
4102703,7
4102802,6
4103206,6
4103305,6
4103404,7
4103503,6
4103602,7
4103701,6
4103800,6
4105102,7
4105904,7
4106001,7
4106100,7
4106407,7
4107009,7
4107751,7
4108007,7
4108106,7
4109005,7
4109203,7
4109708,7
4109807,6
4110003,6
4110904,6
4111001,7
4111704,7
4111902,6
4112108,6
4112306,7
4112702,7
4112900,7
4113106,6
4113403,7
4113601,7
4113700,6
4113809,6
4114203,6
4114807,6
4114906,6
4115200,6
4115507,6
4115754,6
4116000,7
4116307,6
4116406,7
4116604,6
4117008,6
4117214,7
4117297,6
4119202,7
4119657,6
4120002,7
4120333,6
4120507,7
4121307,7
4121901,7
4122107,6
4122404,6
4122701,6
4123105,7
4123204,7
4123402,6
4123600,6
4123907,7
4124103,7
4124301,7
4124509,6
4124707,7
4125001,7
4125803,7
4126009,7
4126207,7
4126256,6
4126405,7
4126504,7
4126678,6
4128401,7
3500550,7
3500709,7
3501400,7
3501509,7
3502200,6
3502309,7
3503109,6
3503406,7
3503604,7
3504305,7
3504503,6
3505005,7
3505203,6
3505302,7
3506003,7
3506300,7
3506805,6
3506904,6
3507308,7
3507456,7
3507506,7
3507902,6
3508009,6
3508306,7
3509452,6
3509809,7
3510153,7
3511409,7
3512308,6
3512605,7
3514106,7
3514304,7
3514502,7
3515194,7
3515400,7
3515657,7
3516606,7
3516705,7
3518503,6
3519253,7
3520004,7
3520905,7
3521705,6
3521804,6
3522307,6
3522406,6
3522802,7
3522901,6
3523503,6
3525300,7
3526803,7
3527504,7
3527801,7
3528007,7
3528601,6
3529005,7
3529807,7
3533700,7
3533809,7
3534708,7
3535804,6
3536109,7
3536570,7
3536703,7
3538808,6
3539400,7
3540507,6
3541059,7
3541109,7
3541653,6
3542909,6
3543204,7
3543501,7
3545407,7
3546405,7
3547007,6
3550100,7
3550209,6
3550506,7
3551207,7
3553005,7
3553807,7
3553856,6
3554201,6
3554607,7
3554656,6
3554706,6
3554755,6
3555505,7
3556602,7
3557204,7
4104709,7
4111803,7
4112801,7
4120705,7
4121802,7
4122909,7
4124004,7
4125407,7
4126603,7
4127809,7
4128500,7
3101409,6
3102605,6
3107901,6
3108305,6
3109105,6
3110509,6
3110608,6
3117900,6
3124500,6
3125101,6
3129905,6
3130606,6
3131505,6
3133600,6
3134905,6
3143401,6
3143807,6
3146008,6
3159209,6
3165578,6
3165800,6
3169059,6
3169109,6
3500303,6
3500501,6
3500600,6
3500758,6
3501152,6
3501608,6
3501905,6
3502002,6
3502754,6
3502903,6
3503307,6
3503802,6
3503901,6
3504107,6
3505708,6
3506359,6
3506607,6
3507001,6
3507100,6
3507605,6
3508405,6
3509007,6
3509205,6
3509502,6
3509601,6
3510302,6
3510401,6
3510609,6
3511508,6
3511607,6
3511706,6
3512209,6
3512407,6
3512704,6
3512803,6
3513009,6
3513504,6
3513801,6
3514908,6
3515004,6
3515103,6
3515152,6
3515186,6
3515707,6
3516309,6
3516408,6
3518305,6
3518701,6
3518800,6
3519055,6
3519071,6
3519709,6
3520202,6
3520509,6
3521002,6
3521101,6
3521408,6
3522208,6
3522505,6
3522604,6
3523107,6
3523404,6
3523602,6
3523909,6
3524006,6
3524402,6
3524709,6
3525003,6
3525201,6
3525508,6
3525854,6
3525904,6
3526209,6
3526407,6
3526704,6
3526902,6
3527009,6
3527306,6
3528403,6
3528502,6
3529401,6
3530607,6
3530706,6
3530805,6
3530904,6
3531209,6
3531803,6
3532009,6
3532405,6
3533403,6
3534401,6
3536505,6
3536802,6
3537107,6
3537503,6
3537800,6
3537909,6
3538204,6
3538600,6
3538709,6
3539103,6
3539806,6
3540606,6
3542107,6
3543303,6
3543907,6
3544004,6
3544103,6
3545159,6
3545209,6
3545308,6
3545803,6
3546207,6
3546702,6
3546801,6
3547304,6
3547809,6
3548005,6
3548104,6
3548500,6
3548708,6
3548807,6
3549953,7
3550308,6
3550407,6
3550605,6
3551009,6
3551108,6
3551603,6
3552106,6
3552205,6
3552403,6
3552502,6
3552809,6
3553500,6
3554003,6
3554508,6
3554953,6
3556206,6
3556354,6
3556453,6
3556503,6
3556701,6
3557006,6
3557303,6
3101300,6
3104908,6
3107208,6
3108909,6
3109709,6
3113602,6
3114105,6
3114808,6
3117207,6
3117801,6
3118502,6
3119906,6
3120508,6
3121100,6
3122801,6
3127404,6
3129202,6
3132404,6
3133006,6
3133105,6
3135902,6
3138500,6
3139904,6
3140407,6
3144409,6
3145505,6
3147303,6
3147600,6
3147808,6
3149101,6
3150901,6
3151008,6
3152501,6
3152600,6
3159308,6
3159605,6
3163201,6
3163706,6
3164407,6
3164902,6
3165404,6
3167400,6
3167806,6
3171709,6
3172202,6
3300100,6
3300407,6
3302254,6
3302601,6
3303807,6
3304110,6
3304128,6
3304201,6
3304409,6
3306305,6
3502507,6
3503158,6
3503505,6
3504909,6
3508504,6
3508603,6
3509700,6
3509957,6
3510500,6
3513405,6
3513603,6
3518404,6
3520400,6
3524907,6
3526308,6
3526605,6
3527207,6
3531704,6
3532306,6
3535606,6
3538006,6
3538501,6
3540754,6
3541901,6
3542305,6
3544301,6
3545001,6
3546009,6
3548203,6
3548609,6
3549607,6
3549904,6
3550001,6
3550704,6
3552007,6
3554102,6
3554805,6
3555406,6
3155900,6
3300209,6
3300225,6
3300258,6
3300308,6
3300456,6
3300506,6
3300704,6
3300803,6
3300951,6
3301306,6
3301504,6
3301603,6
3301702,6
3301801,6
3301850,6
3301876,6
3301900,6
3302007,6
3302270,6
3302452,6
3302502,6
3302700,6
3302809,6
3302858,6
3302908,6
3303203,6
3303302,6
3303401,6
3303500,6
3303609,6
3303708,6
3303856,6
3303906,6
3303955,6
3304003,6
3304144,6
3304300,6
3304508,6
3304557,6
3304904,6
3305109,6
3305158,6
3305208,6
3305406,6
3305505,6
3305554,6
3305604,6
3305703,6
3305752,6
3305802,6
3305901,6
3306008,6
3306107,6
3306206,6
3300233,6
3300936,6
3301405,6
3302403,6
3304151,6
3304524,6
5002100,6
5002159,6
5002209,6
5002803,6
5005004,6
5005608,6
5006903,6
5000708,6
5002704,6
5003488,6
5004106,6
5004908,6
5005400,6
5005806,5
5006002,6
5007208,6
5007901,6
5008008,6
3541307,6
5000203,6
5001904,6
5002308,6
5007109,6
5007554,5
5008305,6
3500105,7
3500808,6
3501103,6
3502101,6
3502606,6
3502804,6
3503356,7
3503950,6
3504206,6
3505807,7
3506201,7
3506409,6
3506508,6
3507704,6
3507753,6
3508108,6
3508900,6
3509106,7
3511003,6
3511904,6
3512506,6
3513850,6
3514205,6
3514403,7
3515129,7
3515202,6
3515509,6
3515806,7
3515905,6
3516002,6
3516507,6
3516804,6
3516903,6
3517109,6
3517802,7
3518008,6
3518206,6
3518909,6
3519006,6
3519204,7
3520442,6
3520806,7
3521606,7
3523008,6
3524808,6
3526001,7
3526506,7
3527256,6
3527405,7
3527702,6
3528205,6
3528304,6
3528908,7
3529104,6
3529609,6
3530102,7
3531001,6
3531605,7
3532108,7
3532603,6
3532843,6
3532868,6
3533106,7
3533205,7
3533304,6
3534609,6
3534807,7
3534906,7
3535200,6
3535408,7
3535903,6
3536000,6
3536257,6
3536406,7
3536901,6
3537305,6
3537404,6
3537701,6
3538303,7
3540259,6
3540853,7
3541406,6
3541505,7
3541802,6
3543238,7
3543808,6
3544400,6
3544509,6
3544707,6
3545100,7
3545704,6
3546108,6
3546603,6
3547106,7
3547205,6
3547403,6
3547650,6
3548054,6
3548302,7
3548401,6
3549003,6
3549201,6
3549250,6
3549300,7
3552304,6
3552551,6
3554904,6
3555000,7
3555109,7
3555208,6
3555307,6
3555802,6
3556107,6
3556305,7
3556958,6
3557154,6
5001003,6
5007802,6
3127008,6
3127107,6
3151602,6
3500204,6
3500907,6
3501202,6
3501707,6
3501806,6
3503208,6
3503703,6
3504404,6
3504602,6
3504701,7
3504800,6
3505104,6
3505500,6
3505609,6
3506102,6
3506706,6
3507407,6
3508801,7
3509304,6
3510104,6
3510708,6
3511102,6
3511201,6
3511300,6
3512001,6
3512100,6
3512902,6
3514007,6
3514924,6
3514957,6
3515608,6
3516853,6
3517000,7
3517208,7
3517307,7
3517406,6
3517505,6
3517901,6
3518107,7
3518602,6
3518859,6
3519105,6
3519303,6
3519402,6
3519600,6
3519808,6
3521150,6
3521309,6
3521507,6
3521903,6
3522000,6
3522703,6
3524204,6
3524303,6
3524501,6
3525706,6
3525805,7
3527108,7
3528106,6
3528858,6
3529302,6
3529500,6
3529708,6
3530300,6
3530409,6
3531308,6
3531407,6
3531506,6
3531902,6
3532058,6
3532504,6
3532702,6
3532801,6
3532900,6
3533007,6
3533254,6
3533502,6
3533908,6
3534005,6
3534203,6
3535002,6
3535101,6
3535705,6
3536604,6
3538105,6
3538907,7
3539004,6
3539509,6
3539608,6
3539905,6
3540101,7
3540200,6
3540309,6
3540804,6
3540903,6
3541604,7
3542503,7
3543709,6
3544202,6
3544608,6
3544806,6
3545605,6
3546504,6
3546900,6
3549805,6
3551306,6
3551702,6
3551900,6
3552601,6
3552700,6
3553104,6
3553203,6
3553401,6
3553658,6
3553708,6
3554409,6
3555356,6
3555604,6
3555703,6
3555901,7
3556008,6
3556800,6
3556909,6
3557105,6
3101904,6
3102001,6
3104106,6
3104304,6
3105103,6
3105301,6
3107604,6
3108404,6
3109501,6
3110301,6
3111002,6
3112406,6
3112802,6
3114402,6
3115102,6
3116407,6
3117108,6
3121209,6
3122405,6
3126307,6
3128303,6
3128709,6
3129707,6
3132909,6
3133758,6
3134806,6
3136900,6
3141306,6
3143005,6
3143203,6
3144102,6
3145109,6
3147907,6
3151503,6
3151800,6
3152907,6
3162203,6
3162948,6
3163904,6
3164308,6
3164704,6
3165107,6
3166907,6
3170602,6
3500402,6
3501004,6
3503000,6
3505906,6
3507803,6
3508207,6
3508702,6
3509403,6
3510807,6
3510906,6
3513108,6
3513207,6
3513702,6
3513900,6
3514601,6
3516200,6
3517703,6
3520103,6
3523701,6
3523800,6
3524105,6
3525102,6
3525409,6
3527603,6
3530508,6
3533601,6
3534302,6
3536307,6
3537008,6
3539301,6
3540705,6
3542701,6
3543105,6
3543402,6
3543600,6
3544905,6
3546256,6
3546306,6
3547502,6
3547601,6
3547908,6
3548906,6
3549102,6
3549409,6
3549508,6
3549706,6
3550803,6
3550902,6
3551405,6
3551504,6
3553302,6
3553609,6
3556404,6
3100807,6
3101201,6
3101607,6
3102803,6
3103603,6
3104205,6
3106408,6
3107109,6
3107505,6
3108008,6
3108107,6
3109006,6
3110400,6
3110707,6
3110905,6
3111200,6
3111309,6
3111606,6
3111903,6
3112000,6
3113909,6
3114006,6
3114204,6
3114501,6
3114600,6
3114709,6
3115201,6
3115508,6
3116605,6
3117702,6
3118700,6
3119005,6
3119708,6
3119955,6
3120201,6
3120607,6
3120805,6
3121407,6
3122306,6
3123403,6
3123601,6
3123908,6
3124401,6
3125200,6
3126109,6
3128105,6
3129806,6
3130002,6
3130101,6
3130309,6
3130408,6
3130507,6
3130804,6
3132206,6
3133501,6
3133709,6
3133808,6
3134301,6
3134509,6
3135308,6
3135407,6
3137403,6
3137809,6
3138203,6
3138708,6
3139003,6
3139102,6
3140159,6
3140704,6
3141900,6
3142304,6
3142601,6
3144508,6
3144607,6
3145604,6
3146503,6
3147204,6
3147709,6
3148905,6
3149903,6
3150307,6
3150406,6
3150505,6
3150604,6
3151701,6
3152709,6
3154200,6
3154705,6
3155306,6
3156106,6
3157336,6
3158300,6
3158706,6
3158805,6
3159902,6
3160405,6
3160801,6
3161205,6
3162005,6
3162302,6
3162500,6
3162922,6
3164605,6
3165008,6
3165206,6
3165305,6
3165537,6
3166402,6
3167004,6
3168804,6
3169307,6
3169406,6
3169802,6
3170701,6
3100302,6
3100401,6
3101508,6
3101631,6
3102100,6
3102308,6
3102506,6
3102902,6
3103108,6
3103306,6
3103702,6
3104403,6
3104601,6
3105509,6
3105608,6
3105707,6
3105905,6
3106101,6
3106804,6
3106903,6
3108701,6
3110202,6
3111705,6
3112208,6
3112901,6
3113107,6
3113206,6
3113305,6
3114907,6
3115300,6
3115359,6
3115409,6
3115904,6
3116209,6
3116308,6
3116704,6
3118007,6
3118304,6
3119609,6
3120409,6
3121308,6
3121506,6
3121704,6
3121902,6
3122009,6
3122702,6
3122900,6
3123007,6
3123304,6
3124005,6
3124609,6
3124906,6
3125002,6
3125309,6
3125952,6
3127388,6
3128204,6
3128402,6
3128501,6
3128808,6
3129004,6
3129400,6
3131901,6
3132602,6
3133907,6
3135506,6
3136702,6
3137908,6
3138005,6
3138401,6
3138609,6
3138674,6
3139409,6
3139805,6
3140001,6
3140209,6
3140803,6
3140902,6
3141603,6
3142106,6
3142205,6
3143906,6
3144805,6
3145406,6
3145703,6
3145851,6
3145877,6
3145901,6
3146107,6
3146602,6
3146701,6
3148202,6
3148301,6
3148756,6
3148806,6
3149002,6
3149408,6
3149507,6
3150109,6
3150208,6
3150802,6
3151107,6
3151305,6
3152105,6
3152303,6
3153103,6
3153806,6
3154002,6
3154101,6
3154408,6
3154804,6
3154903,6
3155009,6
3155207,6
3155405,6
3155801,6
3156205,6
3156304,6
3156452,6
3157203,6
3157278,6
3157302,6
3157401,6
3157906,6
3158409,6
3158607,6
3159100,6
3159407,6
3160009,6
3160108,6
3160702,6
3160900,6
3161403,6
3161502,6
3162559,6
3162906,6
3163805,6
3164001,6
3164431,6
3165560,6
3165602,6
3165701,6
3166006,6
3166204,6
3166303,6
3167301,6
3167509,6
3167905,6
3168507,6
3169000,6
3169208,6
3169901,6
3170503,6
3171154,6
3171303,6
3171402,6
3172004,6
3172103,6
3300159,6
3301108,6
3301207,6
3302106,6
3302304,6
3303005,6
3304706,6
3305307,6
3102050,6
3110103,6
3112109,6
3116001,6
3123528,6
3124203,6
3137700,6
3139508,6
3140530,6
3153509,6
3154150,6
3158904,6
3163607,6
3200102,6
3200201,6
3200300,6
3200409,6
3200508,6
3200706,6
3201100,6
3201159,6
3201209,6
3201308,6
3201407,6
3201704,6
3201803,6
3201902,6
3202009,6
3202306,6
3202405,6
3202454,6
3202553,6
3202603,6
3202652,6
3202801,6
3203007,6
3203106,6
3203320,6
3203346,6
3203403,6
3203700,6
3203809,6
3204203,6
3204302,6
3204401,6
3204500,6
3204559,6
3204807,6
3205002,6
3205036,6
3205069,6
3205101,6
3205200,6
3205309,6
3300605,6
3300902,6
3301009,6
3301157,6
3302056,6
3302205,6
3303104,6
3304102,6
3304607,6
3304755,6
3304805,6
3305000,6
3305133,6
3306156,6
5003207,6
5005202,6
5001102,6
5001508,6
5003108,6
5003306,6
5007307,6
5007406,6
5007505,6
5007695,6
5000252,6
5002605,6
5002902,6
5002951,6
5003256,6
5003900,6
5004403,6
5006275,6
5201504,6
5205471,6
5220504,6
3114550,6
3134400,6
3138625,6
3159803,6
3170438,6
3520707,6
3529658,6
3530003,6
3534757,6
3540408,6
5006309,6
5201454,6
5204102,6
5204300,6
5205059,6
5209150,6
5210802,6
5211305,6
5212253,6
5213004,6
5216304,6
5218508,6
5220405,6
3100708,6
3103504,6
3103751,6
3109808,6
3111101,6
3111408,6
3111804,6
3112604,6
3115805,6
3116902,6
3117306,6
3129103,6
3131406,6
3133402,6
3134202,6
3142809,6
3150703,6
3152808,6
3161304,6
3169604,6
3170206,6
3171105,6
5200209,6
5201207,6
5203500,6
5203906,6
5204250,6
5205901,6
5206602,6
5208509,6
5209937,6
5211503,6
5214804,6
5216007,6
3100104,6
3103801,6
3104007,6
3111507,6
3114303,6
3115003,6
3118205,6
3119302,6
3119807,6
3120706,6
3121258,6
3123502,6
3124807,6
3127909,6
3128907,6
3129509,6
3130705,6
3131604,6
3137106,6
3137502,6
3141207,6
3143104,6
3145000,6
3148004,6
3148103,6
3149200,6
3149804,6
3153004,6
3153400,6
3155504,6
3156403,6
3156908,6
3157708,6
3159704,6
3166808,6
3168101,6
3168200,6
3170107,6
5206909,6
5215504,6
5221304,6
3100203,6
3103207,6
3103900,6
3104809,6
3106705,6
3107000,6
3107406,6
3109600,6
3109907,6
3112505,6
3115607,6
3117603,6
3118601,6
3118908,6
3119104,6
3120904,6
3123205,6
3124104,6
3124708,6
3125705,6
3126000,6
3126406,6
3127206,6
3130200,6
3131000,6
3131109,6
3136652,6
3137205,6
3138302,6
3138807,6
3139706,6
3140506,6
3141108,6
3142403,6
3143500,6
3143609,6
3145208,6
3145802,6
3146404,6
3146909,6
3147105,6
3147402,6
3149309,6
3149606,6
3149705,6
3151404,6
3152006,6
3153202,6
3153608,6
3153707,6
3154606,6
3160603,6
3161700,6
3161809,6
3162104,6
3163102,6
3166600,6
3167202,6
3168903,6
3169356,6
3170750,6
3100500,6
3100609,6
3101805,6
3102407,6
3103009,6
3105004,6
3105400,6
3106002,6
3106200,6
3106309,6
3107703,6
3107802,6
3108800,6
3109253,6
3110004,6
3112059,6
3113800,6
3116803,6
3117504,6
3117876,6
3118106,6
3119203,6
3119401,6
3120003,6
3120102,6
3121001,6
3121803,6
3122207,6
3122504,6
3122603,6
3123106,6
3123700,6
3123858,6
3125408,6
3125507,6
3125804,6
3125903,6
3126950,6
3127503,6
3127602,6
3127701,6
3128006,6
3129301,6
3130903,6
3131158,6
3131307,6
3131703,6
3132800,6
3134608,6
3135001,6
3135704,6
3136108,6
3136207,6
3136553,6
3136603,6
3137601,6
3140100,6
3140308,6
3140605,6
3141702,6
3142502,6
3143708,6
3144201,6
3144359,6
3144706,6
3147501,6
3148400,6
3148608,6
3149952,6
3150158,6
3150539,6
3153301,6
3153905,6
3155702,6
3156007,6
3156700,6
3156809,6
3157252,6
3157500,6
3157807,6
3158003,6
3158201,6
3158508,6
3158953,6
3159001,6
3159357,6
3160207,6
3160504,6
3160959,6
3161007,6
3161601,6
3161908,6
3162609,6
3162807,6
3162955,6
3163003,6
3163409,6
3163508,6
3164100,6
3164506,6
3164803,6
3165503,6
3166105,6
3166501,6
3167103,6
3167608,6
3167707,6
3168309,6
3168705,6
3170057,6
3170578,6
3171204,6
3171808,6
3171907,6
3101102,6
3102209,6
3104700,6
3110806,6
3112653,6
3113404,6
3115706,6
3117405,6
3118403,6
3120839,5
3122108,6
3126802,6
3126901,6
3127305,6
3127370,5
3130556,6
3131208,6
3131802,6
3132701,6
3133204,6
3134103,6
3135076,6
3139607,5
3141504,6
3144003,6
3144672,6
3144904,6
3146206,6
3150000,6
3151909,6
3154309,6
3159506,6
3161056,6
3161650,6
3162575,6
3163300,6
3164472,6
3168051,6
3168408,6
3169505,6
3171501,6
3200136,5
3200169,5
3200359,6
3200607,6
3200805,6
3200904,5
3201001,5
3201506,6
3202108,5
3202207,6
3202256,5
3202504,6
3202702,6
3202900,6
3203056,5
3203130,6
3203163,6
3203304,6
3203353,5
3203502,5
3203601,4
3203908,5
3204005,5
3204054,5
3204104,5
3204252,5
3204351,5
3204609,6
3204658,5
3204708,5
3204955,6
3205010,5
3205150,5
3205176,5
2922003,5
3201605,5
3203205,5
3204906,5
5101605,6
5102504,6
5106505,6
5006408,6
5007935,6
5104609,6
5105200,6
5106372,6
5107297,6
5107602,6
5107800,6
5100300,6
5100409,6
5100607,6
5101209,6
5104203,6
5106703,6
5107198,6
5108204,6
5203104,6
5203401,6
5207253,6
5213103,6
5216452,6
5218102,6
5219407,6
5200134,6
5200159,6
5200902,6
5202353,6
5202601,6
5203939,6
5204201,6
5204409,6
5205703,6
5207105,6
5207600,6
5207808,6
5209952,6
5210208,6
5210307,6
5211602,6
5211701,6
5211909,6
5212006,6
5213400,6
5213756,6
5213905,6
5215207,6
5215652,6
5215900,6
5216403,6
5217203,6
5218052,6
5218805,6
5219001,6
5219308,6
5219712,6
5220058,6
5220108,6
5221502,6
5221551,6
5200050,6
5200100,6
5200308,6
5200506,6
5200852,6
5201108,6
5201306,6
5201405,6
5201603,6
5201801,6
5202809,6
5203302,6
5203559,6
5203609,6
5204508,6
5204557,6
5204607,6
5204854,6
5205208,6
5205455,6
5206305,6
5206503,6
5206800,6
5207352,6
5207402,6
5208152,6
5208400,6
5208707,6
5208806,6
5209101,6
5209200,6
5209705,6
5210000,6
5210109,6
5210406,6
5211404,6
5212105,6
5212303,6
5212501,6
5212600,6
5212907,6
5213806,6
5214408,6
5214507,6
5215009,6
5215231,6
5215306,6
5215405,6
5215702,6
5215801,6
5216809,6
5217104,6
5217401,6
5217708,6
5218391,6
5218789,6
5219100,6
5219209,6
5219506,6
5219738,6
5219753,6
5220264,6
5220454,6
5220603,6
5221007,6
5221197,6
5221403,6
5221809,6
5221908,6
5222005,6
5222054,6
3108206,6
3109451,6
3122470,6
3128600,6
3137536,6
3144375,6
3147006,6
3170404,6
3170479,6
3171006,6
5204805,6
5205109,6
5205497,6
5206206,6
5221858,6
3108552,6
3108602,6
3109402,6
3111150,6
3116506,6
3118809,6
3126604,6
3129608,6
3130051,6
3135605,6
3136306,6
3136405,6
3137304,6
3138104,6
3138682,6
3142007,6
3147956,6
3150570,6
3151206,6
3152131,6
3154457,6
3157609,6
3162252,6
3162658,6
3164209,6
3170008,6
3170529,6
3170800,6
3102852,6
3104452,6
3106507,6
3107307,6
3108503,6
3109204,6
3112307,6
3112703,6
3113503,6
3116100,6
3119500,6
3120300,6
3121605,6
3123809,6
3126505,6
3126703,6
3127073,6
3127354,6
3127800,6
3128253,6
3132008,6
3132503,6
3135456,6
3136520,6
3136579,6
3136801,6
3138351,6
3139201,6
3141801,6
3143302,6
3145372,6
3145455,6
3146255,6
3154507,6
3156502,6
3157005,6
3165552,6
3165909,6
3169703,6
3171071,6
3171600,6
2912806,7
2916005,5
2918456,7
2918902,7
2921104,5
2933257,6
3100906,7
3101706,6
3103405,6
3106606,5
3113008,6
3113701,6
3115458,6
3117009,6
3120151,6
3125606,7
3126752,6
3127057,7
3132305,6
3133303,6
3134004,6
3134707,6
3135803,7
3136009,7
3137007,6
3138906,6
3141405,6
3143153,7
3144300,5
3145307,6
3145356,6
3146305,7
3146750,7
3148509,6
3152170,6
3152402,6
3155108,7
3156601,7
3157377,6
3157658,7
3158102,8
3160306,8
3166709,7
3168606,6
3170305,6
2900801,7
2906907,6
2910727,7
2911808,7
2914653,8
2915304,6
2915601,5
2923001,6
2925303,8
2925501,8
2927705,8
2931350,6
3157104,6
5105507,6
5101258,6
5103361,6
5103809,6
5103957,6
5104500,6
5105002,6
5105622,6
5106182,6
5106752,6
5106828,6
5107107,6
5107156,6
5107206,6
5107750,6
5107958,6
5108352,6
5100102,7
5100508,6
5101308,6
5101704,6
5103437,6
5103452,6
5103502,6
5104906,6
5105234,6
5106000,6
5106109,6
5106232,6
5106851,6
5107263,6
5107701,6
5108402,6
5108857,6
5102678,6
5103007,6
5103403,6
5103601,6
5104807,6
5105903,6
5106208,6
5106455,6
5107008,6
5107040,6
5107404,6
5100201,6
5101803,6
5102603,6
5103908,6
5106257,6
5106281,6
5106653,6
5107792,6
5108105,6
5201702,6
5101001,6
5106174,6
5202155,6
5202502,6
5203807,6
5206404,6
5207535,6
5208905,6
5209291,6
5211008,6
5212204,6
5212956,6
5213707,6
5213855,6
5214002,6
5214838,6
5219258,6
5200258,6
5200555,6
5203203,6
5204706,6
5204953,6
5205000,6
5205406,6
5205513,6
5205802,6
5208608,6
5209457,6
5209606,6
5209804,6
5210158,6
5210562,6
5210604,6
5210901,6
5211206,6
5211800,6
5212055,6
5212808,6
5213053,6
5214606,6
5214705,6
5214861,6
5214879,6
5215603,6
5216908,6
5217302,6
5218607,6
5218706,6
5218904,6
5219357,6
5219456,6
5219704,6
5219902,6
5220157,6
5220280,6
5221577,6
5221601,6
5221700,6
5222302,6
3109303,6
3126208,6
5200175,6
5200605,6
5200803,6
5203962,6
5204003,6
5206701,6
5207907,6
5208004,6
5209903,6
5212709,6
5217609,6
5218300,6
5220009,6
5220686,6
5220702,6
5222203,6
5300108,6
2908101,6
2910776,6
2917359,6
3104502,6
3108255,6
3116159,6
3117836,6
3129657,6
3132107,6
3135209,6
3135357,6
3138658,6
3139300,6
3142254,6
3142700,6
3149150,6
3161106,6
3162450,6
2905008,6
2906600,6
2907103,6
2908705,6
2911659,6
2911709,6
2912004,6
2917334,6
2917409,6
2918753,6
2919405,6
2920205,6
2921807,6
2923407,6
2924504,6
2926806,6
2930006,6
2932606,6
3115474,6
3124302,6
3127339,6
3130655,6
3135050,6
3135100,6
3136959,6
3139250,6
3140852,6
3141009,6
3142908,6
3143450,6
3145059,6
3146552,6
3152204,6
3155603,6
3160454,6
3162401,6
3162708,6
3166956,6
3168002,6
3170651,6
3170909,6
3171030,6
2901205,7
2902005,7
2902906,7
2903508,6
2903706,7
2903953,7
2904605,6
2904803,7
2905156,7
2906709,7
2906899,7
2909000,6
2910404,6
2913507,6
2915106,8
2915809,6
2916401,6
2916807,6
2917102,8
2919702,6
2919959,6
2920007,7
2920304,6
2920403,7
2921450,7
2922706,7
2924702,6
2925006,7
2925105,7
2925709,6
2926657,7
2931004,7
2931806,6
2933307,7
3101003,6
3102704,6
3105202,8
3106655,6
3120870,6
3122355,6
3122454,6
3136504,7
3140555,8
3144656,6
3148707,7
2900603,8
2900900,8
2902252,8
2902401,8
2903102,8
2903300,8
2903409,7
2904704,8
2905602,8
2906303,8
2908002,8
2910008,8
2910909,8
2911006,7
2911501,8
2912103,7
2912301,8
2912707,9
2913606,8
2913903,8
2914802,9
2914901,9
2915205,8
2915403,5
2915502,8
2916203,7
2916302,6
2916609,8
2918555,8
2920700,9
2920908,8
2923902,5
2925402,5
2927804,7
2928059,8
2929354,8
2932200,8
2932309,8
2932507,8
2932705,8
1100080,6
1100015,6
1101492,6
1100031,6
1100056,6
1100064,6
1100072,6
1100296,6
1100304,6
1100379,6
1100924,6
1101450,6
1101468,6
5101902,6
5102686,6
5103304,6
5107875,6
5102637,6
5104542,6
5105259,6
5106224,6
5107305,6
5108006,6
5108907,6
5101837,6
5106240,6
5106307,6
5107768,6
5107925,6
5108501,6
5102702,6
5103858,6
5107065,6
1708205,6
5101852,6
5103106,6
5106315,6
5107180,6
5107883,6
5214051,6
5220207,6
1700707,6
1702000,6
1707652,6
1711506,6
1715754,6
1718840,6
1720259,6
1720853,6
1720978,6
5200829,6
5203575,6
5204656,6
5205521,6
5207501,6
5208103,6
5213087,6
5213772,6
5214101,6
5215256,6
5218003,6
5219605,6
5221452,6
1702406,6
1702703,6
1705557,6
1705607,6
1712157,6
1715150,6
1716208,6
1717800,6
1720903,6
1720937,6
2919553,6
5204904,6
5205307,6
5208301,6
5209408,6
5213509,6
5214903,6
5219803,6
5221080,6
2902500,6
2903201,6
2906105,6
2907400,6
2909109,6
2909307,6
2909703,6
2928109,6
2928901,6
2929057,6
2930907,6
2900504,6
2903904,6
2904100,6
2904209,6
2904407,6
2904506,6
2905206,6
2907558,6
2912509,6
2913002,6
2913408,5
2919504,6
2919801,6
2921054,6
2922250,6
2923035,7
2923209,6
2923605,6
2923704,6
2926400,6
2926905,7
2928208,6
2930154,6
2930303,6
2930758,6
2931053,6
2900108,7
2901304,7
2902807,7
2903805,7
2904001,7
2908804,7
2910107,7
2911907,7
2912202,7
2912608,7
2914208,8
2914307,7
2914406,7
2914703,6
2915007,7
2916906,7
2917201,7
2918001,7
2918605,7
2918704,7
2919009,7
2919058,7
2919306,7
2919603,7
2920502,7
2920809,7
2921906,7
2922052,7
2922805,8
2922854,7
2923506,7
2924306,7
2924900,8
2926707,7
2927200,7
2929909,7
2932804,7
2933406,7
2900702,12
2901007,8
2901106,12
2901502,8
2901700,8
2901957,8
2902054,12
2902203,12
2902302,12
2904308,8
2904852,8
2904902,12
2905404,10
2905701,12
2905800,9
2906501,12
2907301,8
2907509,12
2908200,10
2908309,8
2908507,8
2908903,8
2909505,8
2909802,8
2910057,12
2910206,8
2910305,8
2910503,12
2910800,8
2911204,8
2911600,10
2912905,8
2913457,9
2913804,8
2914000,8
2914505,8
2915700,8
2915908,12
2916104,12
2916708,8
2916856,8
2917300,9
2917607,8
2917805,12
2918209,8
2918308,8
2918803,8
2919207,8
2919926,12
2920601,12
2921005,12
2921302,8
2922201,8
2922300,10
2922409,8
2922508,12
2922607,10
2922755,8
2923308,8
2924108,8
2924678,8
2925204,12
2925758,8
2925956,8
2927309,12
2927408,11
2927903,8
2928505,8
2928604,12
2928703,8
2928802,8
2929008,10
2929107,8
2929206,12
2929305,9
2929404,8
2929503,12
2929602,8
2929750,12
2930402,8
2930709,12
2931202,9
2931400,8
2931608,8
2931707,12
2932101,8
2932903,8
2933174,8
2933208,12
2933505,8
2907004,12
1200054,6
1200104,6
1200252,6
1200708,6
1200179,6
1200385,6
1100106,6
1100338,6
1100114,6
1100148,6
1100155,6
1100320,6
1100346,6
1100452,6
1100502,6
1100601,6
1100700,6
1101005,6
1101302,6
1101401,6
1101435,6
1101500,6
1101559,6
1101609,6
1101708,6
1101807,6
1100049,6
1100098,6
1100122,6
1100189,6
1100254,6
1100288,6
1100908,6
1101203,6
1101476,6
1101484,6
5107578,6
5101407,6
5102850,6
5105150,6
5105176,6
5100250,6
5104526,6
5105101,6
5106216,6
5106273,6
5106802,6
5107941,6
5102793,6
5103056,6
5103205,6
5104559,6
5105580,6
5106190,6
5107248,6
5107909,6
5108055,6
5108303,6
5108808,6
5103700,6
5106422,6
5107354,6
5107743,6
5107859,6
1711902,6
5100359,6
5102694,6
5103353,6
5105309,6
5106778,6
5107776,6
5108600,6
1700350,6
1703701,6
1703867,6
1704600,6
1706100,6
1706258,6
1707306,6
1707553,6
1709500,6
1709807,6
1713601,6
1715002,6
1715507,6
1716109,6
1716604,6
1718204,6
1718451,6
1718899,6
1718907,6
1720499,6
1720655,6
1721000,6
1700400,6
1705102,6
1707009,6
1711951,6
1712702,6
1714203,6
1715101,6
1715259,6
1717008,6
1717909,6
1718006,6
1718659,6
1719004,6
1720150,6
2201309,6
2202901,6
2203008,6
2205524,6
2207603,6
2209757,6
2210623,6
2901403,6
2909406,6
2911105,6
2920452,6
2926202,6
2928406,6
2201101,6
2902708,6
2903003,7
2904753,6
2907608,6
2911303,6
2912400,7
2913200,6
2914109,6
2915353,6
2921609,6
2932408,6
2933455,6
2933604,6
2901155,7
2901809,8
2902609,8
2903235,7
2904050,8
2905107,8
2905305,7
2905503,8
2906006,7
2906204,7
2910859,8
2913101,6
2914604,6
2917508,8
2917706,6
2918357,7
2918506,6
2919157,7
2920106,8
2921203,7
2921401,8
2921708,7
2922102,7
2923357,7
2924603,8
2924801,7
2925253,8
2925600,6
2925931,8
2929255,7
2929800,8
2930105,8
2930204,6
2930600,8
2930808,7
2931301,7
2932457,7
2933059,8
2933109,8
2933158,7
2805505,9
2900355,9
2900405,8
2901353,8
2901601,9
2901908,12
2902104,8
2902658,9
2903276,8
2903607,8
2906402,8
2906808,8
2906824,8
2906857,8
2906873,8
2907806,9
2907905,9
2908408,8
2909604,10
2910701,9
2910750,9
2911253,8
2911857,9
2913309,8
2913705,12
2916500,9
2917003,7
2919108,8
2921500,8
2922656,8
2922730,8
2922904,8
2923050,9
2923100,9
2924058,8
2924652,7
2925808,7
2925907,8
2926103,8
2926301,8
2926509,10
2926608,9
2927507,8
2928000,8
2928307,8
2928950,8
2929370,7
2929701,9
2930501,8
2930766,9
2931103,8
2931509,8
2931905,8
2933000,8
2702306,10
2702702,10
2703205,10
2705903,10
2706703,10
2706802,11
2707503,10
2708204,10
2800100,10
2800209,10
2800308,11
2800407,10
2800506,10
2800605,11
2800670,11
2800704,10
2801009,11
2801108,10
2801306,11
2801405,10
2801504,11
2801603,10
2801702,10
2801900,10
2802007,11
2802106,10
2802205,10
2802304,10
2802403,10
2802502,11
2802601,10
2802700,10
2802809,10
2802908,12
2803005,10
2803104,10
2803203,10
2803302,11
2803401,10
2803500,10
2803609,11
2803708,10
2803807,10
2803906,12
2804003,11
2804102,11
2804201,10
2804300,10
2804409,10
2804458,10
2804508,10
2804607,11
2804706,10
2804805,11
2804904,10
2805000,10
2805109,10
2805208,10
2805307,10
2805703,10
2805802,11
2805901,12
2806008,10
2806107,11
2806206,10
2806305,10
2806404,10
2806503,11
2806602,11
2806701,10
2806800,10
2806909,10
2807006,10
2807105,10
2807204,11
2807303,10
2807402,10
2807501,10
2807600,10
2900306,10
2908606,12
2909208,10
2910602,12
2917904,12
2923803,10
2924207,9
2927002,10
1200351,6
1200393,6
1200302,6
1200328,6
1200344,6
1200435,6
1200609,6
1200138,6
1200401,6
1200500,6
1300706,6
1200013,6
1200450,6
1200807,6
1302405,6
1100023,6
1100205,6
1100262,6
1100403,6
1100809,6
1100940,6
1101104,6
1100130,6
1101757,6
5100805,6
5103254,6
5103379,6
5106158,6
5106299,6
5108956,6
5104104,6
5105606,6
5106265,6
1502764,6
1506138,6
1506583,6
1506708,6
1717503,6
1502707,6
1700251,6
1701101,6
1701903,6
1703107,6
1703602,6
1703909,6
1705508,6
1706001,6
1707108,6
1707207,6
1708254,6
1708304,6
1709302,6
1710904,6
1711100,6
1711803,6
1712009,6
1712504,6
1713205,6
1713304,6
1713700,6
1716505,6
1716653,6
1716703,6
1718402,6
1718709,6
1721109,6
1721257,6
1721307,6
1703305,6
1703842,6
1704105,6
1709005,6
1710508,6
1712405,6
1718501,6
1718758,6
1718881,6
2100501,6
2101400,6
2112001,6
2200459,6
2201150,6
2201903,6
2203107,6
2203206,6
2203230,6
2204402,6
2206605,6
2207405,6
2208700,6
2208858,6
2208908,6
2209203,6
2209302,6
2200707,6
2201929,6
2201988,6
2202307,6
2202505,6
2202752,6
2202851,6
2203354,6
2203750,6
2204550,6
2205359,6
2205532,6
2205904,6
2206654,6
2207934,7
2207959,6
2209559,6
2210003,6
2210359,6
2210607,6
2210953,6
2211357,6
2905909,6
2924405,6
2926004,6
2200053,6
2201556,7
2201739,6
2202117,6
2202455,6
2203453,6
2205565,6
2207801,6
2208650,6
2209658,6
2600203,7
2605152,7
2608750,7
2611101,7
2612455,7
2612554,7
2907202,6
2918407,6
2930774,7
2601607,8
2601805,8
2603009,7
2603405,8
2603926,8
2605707,8
2607406,8
2608057,9
2609303,8
2609808,7
2610400,7
2611002,8
2612208,7
2612604,7
2613909,8
2614808,9
2615201,7
2702405,9
2706422,9
2900207,7
2907707,7
2909901,7
2911402,8
2918100,9
2919900,8
2924009,9
2927101,8
2927606,9
2932002,8
2514107,9
2515203,9
2517407,9
2600500,9
2600609,9
2600807,10
2601003,10
2601201,9
2601706,9
2602100,10
2602407,10
2602605,9
2602803,9
2603108,9
2603207,10
2603306,9
2603702,10
2603801,9
2604106,9
2604700,10
2605103,8
2606002,10
2606507,10
2606606,8
2606705,10
2607000,8
2607505,9
2608008,9
2608255,10
2608305,10
2608404,10
2608602,10
2608800,9
2609154,9
2610103,10
2610202,10
2610301,10
2610806,9
2610905,9
2611200,9
2611507,10
2612307,10
2612406,9
2613008,9
2613107,9
2613206,10
2614105,9
2614709,9
2615102,10
2615805,9
2616001,9
2700102,9
2700201,10
2700300,10
2700409,10
2700706,10
2700805,10
2700904,10
2701001,10
2701100,10
2701209,10
2701308,10
2701407,10
2701506,10
2701605,9
2701704,10
2701803,10
2701902,10
2702009,10
2702355,10
2702504,10
2702553,10
2702603,10
2702900,10
2703106,10
2703304,9
2703403,10
2703700,10
2703759,10
2704005,10
2704104,10
2704203,10
2704401,10
2704609,9
2704807,10
2704906,10
2705002,9
2705309,10
2705408,10
2705705,10
2705804,9
2706000,10
2706109,9
2706208,10
2706307,10
2706406,10
2706604,10
2706901,10
2707008,10
2707107,9
2707206,9
2707602,10
2708006,10
2708105,10
2708303,10
2708402,10
2708600,10
2708808,10
2708956,9
2709004,10
2709103,10
2709152,10
2709202,10
2709301,10
2709400,10
2801207,9
2805406,9
2805604,10
2600302,10
2600401,10
2600906,10
2601300,10
2601409,10
2601508,10
2601904,9
2602308,10
2602902,10
2603504,10
2604205,10
2604403,10
2604502,9
2604809,9
2604908,10
2605004,10
2605202,10
2605905,10
2606101,10
2606408,9
2607208,10
2607901,10
2607950,10
2608206,10
2608701,10
2609204,10
2609402,9
2610004,10
2610509,10
2611309,9
2611408,10
2611606,10
2611705,9
2611804,10
2611903,10
2612000,10
2612901,10
2613305,10
2613404,10
2613701,10
2614204,10
2614857,10
2616407,10
2616506,10
2700508,10
2700607,10
2701357,10
2702108,10
2702207,10
2702801,10
2703007,10
2703502,10
2703601,10
2703809,10
2703908,10
2704302,10
2704500,10
2704708,10
2705101,10
2705200,10
2705507,10
2705606,10
2706448,10
2706505,10
2707305,10
2707404,10
2707701,10
2707800,10
2707909,10
2708501,10
2708709,10
2708907,10
1200203,6
1200336,6
1200427,6
1301654,6
1301407,6
1301506,6
1301803,6
1303502,6
1301951,6
1304104,6
1300904,6
1301704,6
1302702,6
1303304,6
1300144,6
1503754,6
1500602,6
1503606,6
1505031,6
1507300,6
1500347,6
1501253,6
1502152,6
1505437,6
1505536,6
1505551,6
1506161,6
1508084,6
1502772,6
1502954,6
1503044,6
1505635,6
1507458,6
1507755,6
1508407,6
1701002,6
1701309,6
1702109,6
1702158,6
1702307,6
1703057,6
1703206,6
1703883,6
1713957,6
1714880,6
1715705,6
1716307,6
1717206,6
1718550,6
1718865,6
1722107,6
1700301,6
1701051,6
1703008,6
1703073,6
1703826,6
1706506,6
1707702,6
1712454,6
1712801,6
1713809,6
1714302,6
1720002,6
1721208,6
1722081,6
2102556,6
2102804,6
2104057,6
2104073,6
2104099,6
2104107,6
2105989,6
2107258,6
2109007,6
2109502,6
2111052,6
2111573,6
2111805,6
2101806,6
2103505,7
2104081,6
2106102,6
2106706,6
2107308,6
2108009,6
2109700,6
2110658,6
2110807,6
2111607,6
2111904,6
2200806,6
2208551,6
2210631,7
2211209,6
2101509,5
2105922,7
2107704,7
2107902,7
2110906,7
2111102,6
2111953,7
2200509,6
2200608,7
2201002,6
2201176,7
2201705,6
2202075,6
2202251,7
2202778,7
2203503,7
2203602,6
2203800,6
2203909,6
2204006,7
2204105,6
2204501,6
2204600,7
2205102,7
2205250,7
2205300,6
2205607,7
2206001,6
2206704,6
2207009,7
2207306,7
2207355,6
2207850,6
2208809,6
2208874,6
2209005,6
2209377,6
2209450,7
2209500,6
2209708,6
2209807,7
2210102,6
2210391,7
2210805,7
2210904,7
2210979,6
2211407,7
2200251,7
2200277,6
2200905,7
2200954,6
2201572,6
2201804,7
2202091,8
2202109,7
2202133,7
2202554,6
2202802,6
2203271,6
2203404,7
2203859,6
2204154,6
2204204,7
2204303,7
2204352,6
2204709,7
2204808,7
2204907,6
2205003,6
2205151,6
2205201,6
2205599,7
2205953,6
2206050,6
2206506,7
2206902,7
2207207,6
2207553,6
2207777,6
2208007,6
2208106,7
2208205,7
2209104,6
2209351,7
2209401,7
2209856,7
2209955,7
2210201,7
2210300,7
2210375,7
2210706,6
2210938,7
2211308,7
2211506,6
2211605,6
2211704,6
2300408,6
2301307,8
2301505,8
2302701,7
2310308,7
2311207,7
2311959,6
2601102,7
2602001,8
2607307,7
2609907,7
2615607,7
2300101,7
2300309,8
2300606,7
2300804,8
2301604,7
2301703,8
2301802,8
2301901,7
2302008,8
2302503,7
2303204,8
2303303,8
2303600,8
2303808,8
2304202,7
2304301,8
2304806,8
2305407,8
2305506,8
2305704,8
2307106,8
2307205,8
2307304,7
2307403,8
2307502,8
2308104,8
2308302,7
2308401,7
2309201,7
2309508,8
2310605,7
2310803,9
2311108,7
2311355,8
2311900,8
2312106,7
2313252,8
2313708,8
2314003,8
2400406,8
2400505,8
2402907,8
2403202,8
2403301,8
2403905,8
2406007,8
2407005,8
2407252,8
2407302,8
2408607,8
2409407,8
2410009,8
2410207,8
2410504,8
2410801,8
2412500,9
2414100,8
2414753,8
2500205,8
2500700,8
2500775,8
2502052,8
2502102,8
2502201,8
2502409,8
2502607,8
2503308,8
2503704,8
2504108,8
2504405,8
2505303,8
2505600,8
2506608,8
2507002,8
2508406,8
2509008,8
2509156,8
2509602,8
2510006,8
2510204,8
2511004,8
2512036,8
2512077,8
2512309,8
2513208,8
2513307,8
2513356,8
2513505,8
2513653,9
2513984,8
2514206,8
2514305,8
2514503,8
2514552,8
2515708,8
2516201,8
2516805,8
2516904,8
2517209,8
2604304,7
2605301,8
2606309,8
2612471,8
2613503,8
2614006,8
2614303,8
2615706,8
2616100,7
2400109,8
2400604,8
2400901,8
2402006,8
2402105,9
2402402,8
2402808,9
2403004,8
2403103,8
2403400,9
2403806,8
2404002,8
2404804,8
2405009,9
2405603,8
2405702,8
2405900,8
2406106,8
2406502,9
2406809,9
2406908,8
2407401,8
2407609,8
2408508,8
2408904,9
2409308,8
2410603,8
2411205,9
2411429,8
2411700,9
2411809,8
2412104,8
2412401,8
2413003,8
2413409,8
2413557,8
2414159,8
2414308,8
2500106,8
2500536,9
2500734,8
2501153,8
2501351,9
2501534,8
2501609,9
2501708,9
2502003,8
2502151,9
2502300,8
2502508,9
2502805,8
2502904,8
2503100,9
2503407,8
2503555,9
2503753,8
2503902,9
2504074,9
2504207,8
2504306,8
2504355,9
2504504,8
2504702,9
2504801,8
2504850,9
2505006,9
2505105,9
2505402,8
2505501,8
2505907,8
2506202,8
2506509,8
2506707,8
2507408,8
2507705,9
2507804,9
2508000,8
2508109,8
2508505,8
2508703,8
2508802,8
2509370,8
2509396,8
2509701,8
2510105,9
2510303,8
2510402,8
2510501,9
2510600,8
2510659,8
2510709,8
2510808,8
2510907,8
2511103,9
2511301,8
2511400,8
2512002,9
2512101,8
2512200,8
2512606,8
2512788,9
2512804,8
2513000,9
2513406,8
2513604,8
2513802,8
2513851,8
2513901,8
2513927,8
2513943,9
2513968,8
2514008,9
2514404,8
2514602,8
2514651,8
2514701,8
2514800,9
2514909,8
2515401,9
2515500,9
2516102,9
2516151,9
2516300,9
2516508,8
2516607,8
2516706,8
2516755,9
2517100,8
2600104,8
2602506,8
2603900,8
2605608,8
2606903,8
2607109,8
2607703,8
2611533,8
2612505,9
2612802,8
2613602,8
2614402,8
2614600,8
2615003,9
2615409,10
2615904,8
2401206,10
2401404,10
2401701,10
2401800,10
2402204,10
2403509,10
2404200,10
2405306,10
2405405,10
2406155,10
2406205,10
2406304,10
2406601,10
2407708,10
2407807,10
2407906,10
2408201,10
2408300,10
2409100,10
2409209,10
2409803,10
2410306,10
2411502,10
2412203,10
2412302,10
2413102,10
2413201,10
2413300,10
2413508,10
2413706,9
2414001,10
2414209,10
2414704,10
2414803,10
2415008,10
2500304,10
2500403,10
2500502,10
2500577,9
2500601,10
2500809,10
2500908,10
2501005,10
2501104,10
2501203,9
2501302,10
2501401,10
2501500,10
2501575,9
2501807,10
2501906,10
2502706,10
2503001,9
2503209,10
2503506,10
2503605,10
2503803,10
2504009,9
2504033,10
2504157,10
2504603,10
2504900,10
2505204,10
2505238,10
2505279,10
2505352,9
2505709,10
2505808,10
2506004,9
2506103,10
2506251,9
2506301,10
2506400,10
2506806,10
2506905,10
2507101,10
2507200,10
2507309,10
2507507,10
2507606,10
2507903,10
2508208,10
2508307,10
2508554,10
2508604,10
2508901,10
2509057,10
2509107,10
2509206,10
2509305,10
2509339,10
2509404,10
2509503,10
2509800,10
2509909,10
2511202,10
2511509,10
2511608,10
2511707,10
2511806,10
2511905,10
2512408,9
2512507,9
2512705,10
2512721,10
2512747,10
2512754,10
2512762,10
2512903,10
2513109,10
2513158,9
2513703,10
2514453,10
2515005,10
2515104,10
2515302,10
2515609,10
2515807,10
2515906,10
2515930,10
2515971,10
2516003,10
2516409,10
2517001,9
2600054,10
2600708,10
2601052,10
2602209,10
2602704,10
2603454,10
2603603,10
2604007,9
2604155,10
2604601,10
2605400,10
2605509,10
2605806,10
2606200,10
2606804,10
2607604,10
2607653,10
2607752,10
2607802,10
2608107,10
2608453,10
2608503,10
2608909,10
2609006,10
2609105,10
2609501,10
2609600,10
2609709,10
2610608,10
2610707,10
2612109,10
2612703,9
2613800,10
2614501,10
2615300,10
2615508,10
2616183,10
2616209,9
2616308,10
1300201,5
1300607,6
1302306,5
1303908,6
1304062,7
1301001,5
1304203,6
1301209,7
1300102,7
1300631,6
1300805,6
1302900,6
1303106,7
1506195,7
1508050,6
1505064,7
1507805,7
1500131,6
1501576,6
1501758,6
1503093,7
1503705,7
1503804,7
1504208,7
1504976,6
1505494,6
1506187,6
1507151,6
1507508,6
1702208,6
1703800,6
1703891,6
1707405,6
1720309,6
2111532,6
2112852,6
1502939,7
1702554,6
1702901,6
1710706,6
1718303,6
1718808,6
1720101,6
1720200,6
1720804,6
2100055,6
2100600,6
2102036,7
2102325,7
2102358,6
2103257,6
2103752,6
2104552,6
2105302,6
2105427,6
2105500,6
2107001,6
2109551,6
2110005,7
2110856,6
2111763,6
2100402,7
2100436,7
2100956,7
2101202,7
2101608,5
2101939,7
2102077,7
2102150,7
2102754,7
2103604,8
2103802,7
2104008,7
2104404,7
2104503,7
2104602,7
2104628,7
2104701,7
2104800,5
2105203,7
2105351,7
2105450,7
2105476,6
2105609,6
2105708,7
2105807,7
2105948,7
2105963,7
2106003,7
2106359,7
2107407,7
2108108,7
2108207,7
2108454,7
2108900,7
2109106,7
2109759,6
2110302,7
2110708,7
2111250,7
2111409,7
2111631,6
2111672,6
2112233,7
2112308,6
2113009,7
2100105,7
2100303,7
2102309,7
2103000,7
2103307,7
2103406,7
2103901,8
2104206,7
2106607,7
2107803,7
2111078,7
2111748,7
2112100,7
2112209,7
2200103,7
2200202,7
2200301,7
2200400,7
2201200,8
2201408,7
2201606,7
2201770,8
2201945,7
2202059,8
2202208,7
2202737,7
2203255,7
2203305,7
2205508,7
2205540,7
2205557,7
2205581,7
2206209,8
2206308,7
2206407,7
2206720,7
2206753,7
2206803,8
2207108,7
2207504,7
2207751,7
2207793,7
2208601,7
2209609,7
2210383,7
2210508,7
2211001,7
2211100,7
2201051,6
2201960,8
2202026,8
2202406,7
2202604,7
2202711,7
2203420,8
2205276,7
2205516,8
2205573,7
2206357,8
2206951,7
2207900,8
2208403,7
2209153,7
2209906,7
2210409,6
2210656,7
2301257,8
2303402,8
2303659,8
2304103,8
2304236,8
2304657,8
2305001,8
2305209,8
2305605,8
2305654,8
2305803,8
2305902,8
2308609,9
2309300,8
2309409,8
2309904,8
2310951,8
2311009,8
2311264,8
2311702,8
2312205,8
2312304,8
2313203,8
2313302,8
2313955,8
2300150,8
2300705,9
2301208,8
2301406,8
2301851,8
2301950,8
2302107,8
2302206,9
2302404,9
2302800,7
2302909,8
2303006,8
2303501,8
2303931,8
2303956,8
2304269,9
2304277,8
2304608,8
2304954,8
2305100,8
2305233,8
2305266,8
2305332,8
2306009,9
2306504,8
2306603,9
2306702,9
2306801,9
2306900,8
2307601,9
2307635,9
2308351,8
2308500,9
2308708,9
2309102,8
2309458,8
2309607,8
2309805,9
2310001,9
2310100,8
2310407,8
2310506,9
2310852,8
2310902,9
2311231,9
2311306,8
2311405,9
2311603,8
2311801,9
2312502,9
2312700,9
2313005,8
2411007,8
2411908,8
2413805,9
2301109,9
2304459,9
2305357,9
2306207,9
2307007,9
2311504,9
2313104,9
2400208,8
2400307,9
2400703,9
2400802,8
2401008,9
2401107,9
2401305,8
2401453,9
2401651,8
2401859,10
2401909,10
2402303,9
2402501,9
2402709,9
2403707,9
2403756,8
2404101,9
2404309,9
2404408,9
2404507,9
2404705,9
2404853,9
2404903,9
2405108,9
2405207,8
2406700,9
2407203,9
2408003,9
2408409,8
2408706,8
2409605,9
2409704,8
2409902,9
2410256,8
2410702,9
2411056,8
2411403,9
2412807,9
2412906,9
2413359,8
2413607,8
2414456,8
2414506,8
2414605,8
2414902,8
2401503,9
2401602,10
2402600,10
2403251,10
2403608,10
2404606,10
2405504,10
2405801,10
2406403,10
2407104,10
2407500,10
2408102,10
2408805,9
2408953,10
2409332,10
2409506,10
2410108,10
2410405,10
2410900,10
2411106,10
2411601,10
2412005,10
2412559,10
2412609,10
2412708,10
2413904,10
2414407,10
1300060,7
1303700,6
1301605,7
1302207,7
1304237,8
1300029,7
1302801,8
1304260,7
1301308,6
1300086,6
1300839,6
1301100,7
1301852,7
1302504,7
1302553,6
1302603,6
1300300,6
1301159,7
1301902,6
1302009,7
1303569,7
1304005,7
1300508,8
1300680,8
1303403,8
1304401,8
1501006,6
1503903,8
1501451,8
1504752,8
1505650,7
1506807,8
1501725,7
1504455,8
1505908,8
1508159,7
1500859,8
1501105,8
1505486,7
1505809,8
1508357,7
1500206,7
1501204,7
1501782,7
1502103,7
1503309,9
1504604,7
1504703,7
1505205,8
1507953,7
1508001,7
1508100,7
1500958,8
1501956,9
1502301,9
1503077,9
1503457,7
1504950,9
1505502,7
1508126,7
2100477,8
2102002,8
2103158,9
2103174,8
2111029,8
2100204,9
2100709,8
2100873,8
2101004,8
2101103,8
2101251,8
2101350,8
2101772,7
2101905,8
2102408,8
2102507,8
2102705,8
2103125,9
2103554,7
2104651,8
2104677,9
2104909,9
2105153,7
2105401,8
2105906,7
2106326,9
2106375,9
2106508,8
2106631,8
2106755,8
2106805,9
2106904,8
2107357,8
2107456,8
2107506,9
2107605,8
2108256,8
2108306,8
2108405,8
2108504,7
2108603,8
2108702,7
2108801,8
2109205,8
2109239,9
2109270,9
2109452,9
2109601,8
2109809,9
2109908,7
2110039,9
2110203,8
2110500,8
2111003,8
2111201,9
2111300,9
2111508,8
2111706,8
2111722,7
2112274,7
2112456,9
2112803,8
2112902,7
2114007,8
2100154,8
2100808,8
2101707,8
2101731,8
2102101,8
2102200,7
2102374,8
2103208,8
2105005,8
2105104,8
2106300,8
2106409,7
2106672,8
2107100,8
2107209,8
2108058,8
2109304,8
2109403,8
2110104,8
2110237,8
2110278,8
2110401,8
2110609,8
2112506,8
2112605,8
2112704,8
2201507,8
2202174,8
2203701,8
2205409,8
2205458,8
2205805,8
2205854,8
2206100,8
2206670,8
2206696,8
2208502,8
2209971,8
2100907,8
2201919,8
2202000,8
2202083,8
2202539,8
2202653,8
2202703,8
2202729,8
2204659,8
2205706,8
2207702,8
2208304,8
2209872,8
2210052,8
2300200,8
2300507,8
2302057,8
2302305,8
2302602,8
2303105,8
2303907,8
2304004,8
2304251,8
2304350,8
2304509,8
2304707,8
2304905,8
2305308,9
2307254,8
2307809,8
2307908,8
2308005,8
2308203,8
2308807,8
2308906,8
2309003,8
2312007,8
2312809,8
2312908,8
2313401,8
2313609,9
2313906,8
2314102,8
2300754,8
2300903,8
2301000,8
2303709,9
2304285,8
2304400,8
2306108,8
2306256,8
2306306,9
2306405,8
2306553,8
2307650,8
2307700,8
2308377,8
2309706,8
2310209,8
2310258,8
2310704,9
2312403,8
2312601,8
2313351,8
2313500,8
2313559,8
2313757,9
2313807,9
2605459,9
1302108,8
1303601,8
1300409,7
1303205,8
1303536,7
1400472,9
1303007,8
1303957,8
1304302,9
1503002,8
1507979,8
1500404,8
1502855,8
1504802,8
1506005,8
1600808,9
1500305,9
1501808,9
1502806,9
1503101,9
1504505,9
1600402,9
1500107,9
1500701,9
1500800,9
1501303,9
1501402,9
1501501,9
1501907,8
1502004,9
1502608,9
1504000,9
1504422,9
1504901,9
1505700,9
1506302,9
1506351,9
1506401,8
1506500,9
1507003,9
1507102,9
1507706,9
1507904,9
1508209,9
1500909,9
1501600,9
1501709,9
1502202,9
1502400,9
1502756,8
1502905,9
1503200,9
1503408,8
1503507,9
1504059,8
1504109,9
1504307,9
1504406,9
1505007,9
1505403,9
1505601,9
1506104,9
1506112,9
1506203,9
1506559,9
1506609,9
1506906,9
1507201,8
1507409,9
1507466,9
1507474,9
1507607,9
1507961,9
1508035,9
1508308,9
2101970,9
2102903,9
2105658,9
2100550,9
2100832,9
2101301,9
2102606,9
2103109,9
2103703,9
2104305,9
2106201,9
2109056,9
2111789,9
2112407,9
1303809,8
1400209,11
1400605,12
1400233,10
1400506,9
1505304,9
1500503,9
1505106,9
1600055,9
1600154,9
1600279,9
1600105,9
1600212,9
1600238,8
1600253,9
1600303,9
1600535,9
1600550,9
1600600,9
1600709,9
1502509,9
1400050,1
1400027,1
1400100,12
1400159,12
1400175,11
1400282,1
1400308,1
1400407,11
1600204,9
1600501,9
1400456,1
1400704,1
