versao,regiao,dp_resid,corr_tmax,corr_nobs|tmax,corr_chuva|tmax
bruta,Brasil,0.618,0.41,-0.084,-0.212
bruta,CO,0.389,0.265,-0.007,-0.181
bruta,N,0.313,0.264,-0.069,-0.148
bruta,NE,0.871,0.448,-0.203,-0.251
bruta,S,0.35,0.29,0.054,-0.234
bruta,SE,0.549,0.478,0.043,-0.258
rigorosa,Brasil,0.834,0.255,0.037,-0.152
rigorosa,CO,0.496,0.144,-0.026,-0.135
rigorosa,N,0.501,0.15,0.081,-0.114
rigorosa,NE,1.187,0.235,-0.019,-0.16
rigorosa,S,0.483,0.186,0.241,-0.155
rigorosa,SE,0.709,0.388,0.033,-0.215
dessaz,Brasil,0.604,0.413,-0.11,-0.211
dessaz,CO,0.388,0.266,0.026,-0.196
dessaz,N,0.305,0.284,-0.013,-0.148
dessaz,NE,0.852,0.456,-0.208,-0.259
dessaz,S,0.34,0.302,-0.008,-0.239
dessaz,SE,0.536,0.471,-0.035,-0.239
seca,Brasil,0.797,0.272,0.031,-0.122
seca,CO,0.548,0.163,0.044,-0.124
seca,N,0.479,0.199,0.022,-0.075
seca,NE,1.02,0.317,0.04,-0.21
seca,S,0.726,0.068,0.072,-0.014
seca,SE,0.697,0.368,-0.034,-0.132
zhang,Brasil,0.596,0.433,-0.082,-0.222
zhang,CO,0.389,0.306,0.058,-0.202
zhang,N,0.303,0.288,0.044,-0.155
zhang,NE,0.829,0.469,-0.211,-0.261
zhang,S,0.343,0.323,0.069,-0.247
zhang,SE,0.544,0.495,0.017,-0.265
zhang_seca,Brasil,0.778,0.289,0.057,-0.122
zhang_seca,CO,0.556,0.158,0.084,-0.133
zhang_seca,N,0.473,0.201,0.021,-0.088
zhang_seca,NE,0.986,0.339,0.044,-0.205
zhang_seca,S,0.713,0.075,0.156,-0.01
zhang_seca,SE,0.684,0.389,-0.023,-0.137
