amostra,tipo,ano_rel,coef,ep,n_mun
Brasil,perda,-3,-0.039536384992556496,0.0185906799291397,5570
Brasil,perda,-2,-0.052592422095181,0.016985113859263833,5570
Brasil,perda,-1,-0.07657108305583851,0.017392002764039367,5570
Brasil,perda,0,0.12754064702143725,0.019325430278596654,5570
Brasil,perda,1,0.07744513816292266,0.01693857559307047,5570
Brasil,perda,2,0.01800024835368727,0.01759062023011679,5570
Brasil,perda,3,0.027011515469720002,0.016536553464608444,5570
Brasil,perda,4,0.01013132650690101,0.016073061947583445,5570
Brasil,perda,5,0.023737134291228187,0.013210369726350658,5570
Brasil,perda,6,0.028143639530100212,0.013148552906407438,5570
Brasil,perda,7,0.03355219578478753,0.013700474320774739,5570
Brasil,perda,8,-0.010240261377259186,0.01510345273309379,5570
Brasil,perda,9,0.03460886765558373,0.011668877817623532,5570
Brasil,perda,10,0.03899549136781525,0.011827333471957193,5570
Brasil,perda,12,0.02364284863910298,0.004219311044627974,5570
Brasil,ganho,-3,0.06409457985254996,0.026373636574879924,5570
Brasil,ganho,-2,0.08028741211063231,0.027434989126486748,5570
Brasil,ganho,-1,-0.01438024468904385,0.02569557145251628,5570
Brasil,ganho,0,-0.24480841012350016,0.031559897414549676,5570
Brasil,ganho,1,-0.0008405958497426293,0.02386734600927085,5570
Brasil,ganho,2,0.007462323419546673,0.02580276952968982,5570
Brasil,ganho,3,-0.06327233092197734,0.023363182462942216,5570
Brasil,ganho,4,-0.12854959814699227,0.02391352275841161,5570
Brasil,ganho,5,-0.08287408555389285,0.01979108299264617,5570
Brasil,ganho,6,-0.028542498388932542,0.02030905817281135,5570
Brasil,ganho,7,-0.0228662720132399,0.02277808590714014,5570
Brasil,ganho,8,-0.08227597859790861,0.02192607236684881,5570
Brasil,ganho,9,-0.04097714395481468,0.021227354032528536,5570
Brasil,ganho,10,-0.01946537568547587,0.026127461150335592,5570
Brasil,ganho,12,-0.03985978862808598,0.00857818997211412,5570
Amazônia,perda,-3,0.016781072299405647,0.010833202296739218,503
Amazônia,perda,-2,-0.025981132414873855,0.012444083300027038,503
Amazônia,perda,-1,0.012398993930535902,0.013484743829438662,503
Amazônia,perda,0,0.04925831180800164,0.012690112241623296,503
Amazônia,perda,1,0.06736847826378516,0.012548119089008195,503
Amazônia,perda,2,0.029414455977396257,0.013495673019912665,503
Amazônia,perda,3,0.028504177748458898,0.011817462597707147,503
Amazônia,perda,4,0.05543458454576043,0.011170406835686092,503
Amazônia,perda,5,0.02254769285336841,0.011262314548946164,503
Amazônia,perda,6,0.033969594084233105,0.011560910008230625,503
Amazônia,perda,7,0.03803371842996149,0.01103985444574379,503
Amazônia,perda,8,0.018306359686947896,0.010902265076789536,503
Amazônia,perda,9,0.05165026338226866,0.011104509728683865,503
Amazônia,perda,10,0.04226330885703394,0.009702002833988388,503
Amazônia,perda,12,0.038684562386860605,0.004070832667355628,503
Amazônia,ganho,-3,0.000874710211074466,0.02123564634334656,503
Amazônia,ganho,-2,-0.048092226193580195,0.021678765768404017,503
Amazônia,ganho,-1,-0.015158116597594935,0.02427753639838979,503
Amazônia,ganho,0,-0.05610562701428462,0.024027376535030513,503
Amazônia,ganho,1,-0.029304482715005527,0.022028151890257006,503
Amazônia,ganho,2,-0.04852034571130048,0.020848730716391324,503
Amazônia,ganho,3,-0.07491826211202159,0.020709199625589158,503
Amazônia,ganho,4,-0.0398365281425211,0.018889769760152945,503
Amazônia,ganho,5,-0.07032762295342479,0.01966261258548855,503
Amazônia,ganho,6,-0.10327776935308933,0.020571175676049044,503
Amazônia,ganho,7,-0.04510508726936606,0.020971563666064136,503
Amazônia,ganho,8,-0.08125653803802099,0.01991250391417395,503
Amazônia,ganho,9,-0.06923735146079919,0.020975535465726957,503
Amazônia,ganho,10,-0.08226635422353361,0.020576172350712962,503
Amazônia,ganho,12,-0.08227159867954362,0.011503653147552417,503
