variavel,coef,ep_conley,ep_cluster,t,modelo,y,n_obs,n_mun
perda_f0_2,0.06409537847117426,0.00691361468281634,0.00342738586835745,9.270892494266729,A_faixas,aqua_lst_dia_dessaz_c,128110,5570
perda_f3_5,0.020774677886444652,0.005963753822719756,0.003117860929324216,3.4834901815196675,A_faixas,aqua_lst_dia_dessaz_c,128110,5570
perda_f6_10,0.02942213674825482,0.00425594919263815,0.002283126755054506,6.913178568754675,A_faixas,aqua_lst_dia_dessaz_c,128110,5570
ganho_f0_2,-0.0780428004137691,0.013590388894286548,0.006358947356394702,-5.742499425206191,A_faixas,aqua_lst_dia_dessaz_c,128110,5570
ganho_f3_5,-0.09470171808508343,0.011349096679978792,0.005336480616732241,-8.344427821480185,A_faixas,aqua_lst_dia_dessaz_c,128110,5570
ganho_f6_10,-0.05409134769864731,0.008769650553277997,0.004403192524315162,-6.168016316046775,A_faixas,aqua_lst_dia_dessaz_c,128110,5570
perda_l11mais,0.02713765692061429,0.0032814206338845305,0.0017550264838993425,8.270093946623618,A_faixas,aqua_lst_dia_dessaz_c,128110,5570
ganho_l11mais,-0.05520857741405511,0.0069669729882869645,0.0035832799467182524,-7.924327754230287,A_faixas,aqua_lst_dia_dessaz_c,128110,5570
pct_area_urbana,0.02064217976912112,0.009262952797987058,0.0036206333278994115,2.2284664749243777,A_faixas,aqua_lst_dia_dessaz_c,128110,5570
pct_agua,-0.1790690973962433,0.014337590246599455,0.010152922128879853,-12.489483540563196,A_faixas,aqua_lst_dia_dessaz_c,128110,5570
perda_l0,0.09335174389593535,0.014254833924409155,0.005541404297331457,6.5487780770342905,A_ano_a_ano,aqua_lst_dia_dessaz_c,128110,5570
perda_l1,0.06296883003041696,0.014221892980606487,0.0066107191220095484,4.427598359535095,A_ano_a_ano,aqua_lst_dia_dessaz_c,128110,5570
perda_l2,0.02919077225728196,0.015125254903205165,0.005819057356709331,1.9299358882934394,A_ano_a_ano,aqua_lst_dia_dessaz_c,128110,5570
perda_l3,0.03276471970077276,0.013918901211899324,0.005243688583245331,2.353973147877655,A_ano_a_ano,aqua_lst_dia_dessaz_c,128110,5570
perda_l4,0.01963414670112189,0.014502539566473844,0.005652041285869227,1.3538419675482913,A_ano_a_ano,aqua_lst_dia_dessaz_c,128110,5570
perda_l5,0.02907251004283395,0.012389600229911181,0.005090516352900914,2.3465252714649023,A_ano_a_ano,aqua_lst_dia_dessaz_c,128110,5570
perda_l6,0.03196512409781639,0.012326493398514809,0.0058102720407437304,2.5932049825027934,A_ano_a_ano,aqua_lst_dia_dessaz_c,128110,5570
perda_l7,0.03746767429654802,0.013280481325977946,0.0051424373811162875,2.821258761401781,A_ano_a_ano,aqua_lst_dia_dessaz_c,128110,5570
perda_l8,0.0017355527929958686,0.014544270637504018,0.005076562827174939,0.11932896714122967,A_ano_a_ano,aqua_lst_dia_dessaz_c,128110,5570
perda_l9,0.04261675031438614,0.011157245139247658,0.004788590356935323,3.819648110488663,A_ano_a_ano,aqua_lst_dia_dessaz_c,128110,5570
perda_l10,0.034174803713082146,0.010980697301366795,0.00464020849731857,3.11226170571411,A_ano_a_ano,aqua_lst_dia_dessaz_c,128110,5570
ganho_l0,-0.2267168190467809,0.028129408045525935,0.017158028464448687,-8.059779241705048,A_ano_a_ano,aqua_lst_dia_dessaz_c,128110,5570
ganho_l1,-0.012730092493159744,0.022024819840199286,0.008910031594074686,-0.5779884959569576,A_ano_a_ano,aqua_lst_dia_dessaz_c,128110,5570
ganho_l2,-0.012689626026963791,0.024242844690334445,0.00985716646074578,-0.5234379953777912,A_ano_a_ano,aqua_lst_dia_dessaz_c,128110,5570
ganho_l3,-0.09417372145122715,0.02232722060446631,0.009866959457518023,-4.21788825038029,A_ano_a_ano,aqua_lst_dia_dessaz_c,128110,5570
ganho_l4,-0.14112572808691462,0.02185245639099178,0.009291260467093209,-6.458117365015805,A_ano_a_ano,aqua_lst_dia_dessaz_c,128110,5570
ganho_l5,-0.0875683650143612,0.017891830615009492,0.0080442668895783,-4.894321151291245,A_ano_a_ano,aqua_lst_dia_dessaz_c,128110,5570
ganho_l6,-0.048225963744244225,0.018768226155667558,0.007867456355413475,-2.569553635183639,A_ano_a_ano,aqua_lst_dia_dessaz_c,128110,5570
ganho_l7,-0.0351486032447391,0.022010330418240315,0.008193548664378797,-1.5969139298159234,A_ano_a_ano,aqua_lst_dia_dessaz_c,128110,5570
ganho_l8,-0.10239842123341704,0.020825917473320684,0.009667099779100463,-4.9168744361248855,A_ano_a_ano,aqua_lst_dia_dessaz_c,128110,5570
ganho_l9,-0.058219515273881396,0.019970509166223796,0.006916918353308495,-2.915274457415853,A_ano_a_ano,aqua_lst_dia_dessaz_c,128110,5570
ganho_l10,-0.034514161208586,0.02399882949649678,0.008075086683303513,-1.4381601908386485,A_ano_a_ano,aqua_lst_dia_dessaz_c,128110,5570
perda_l11mais,0.02759736200227255,0.003264267587621592,0.0017483219822599927,8.454381039999395,A_ano_a_ano,aqua_lst_dia_dessaz_c,128110,5570
ganho_l11mais,-0.05940661815844072,0.007114398748348171,0.003996651760570908,-8.350195183005987,A_ano_a_ano,aqua_lst_dia_dessaz_c,128110,5570
pct_area_urbana,0.02096863123414584,0.009264583275453013,0.0036157948832291086,2.2633107837352275,A_ano_a_ano,aqua_lst_dia_dessaz_c,128110,5570
pct_agua,-0.18969151700884146,0.01480011826750443,0.010721105309072686,-12.8168919720955,A_ano_a_ano,aqua_lst_dia_dessaz_c,128110,5570
perda_f0_2,0.06573814913825005,0.00702926891692948,0.0034871586820355294,9.35206063605342,C_bruta,aqua_lst_dia_c,128110,5570
perda_f3_5,0.01972488820763676,0.006094549050995866,0.0031916599278702176,3.2364803437612273,C_bruta,aqua_lst_dia_c,128110,5570
perda_f6_10,0.029595870698281304,0.004351490480448425,0.002324832372452833,6.8013180383268175,C_bruta,aqua_lst_dia_c,128110,5570
ganho_f0_2,-0.07829272216054735,0.013908188280748236,0.006510367618070347,-5.629253830919187,C_bruta,aqua_lst_dia_c,128110,5570
ganho_f3_5,-0.09391214246617542,0.011582070182915578,0.005335005524060609,-8.10840730396392,C_bruta,aqua_lst_dia_c,128110,5570
ganho_f6_10,-0.0540507439981454,0.008939950513854072,0.004416494056765843,-6.045977985491528,C_bruta,aqua_lst_dia_c,128110,5570
perda_l11mais,0.026981958323999147,0.003295554823425206,0.0017873054956230386,8.187379597574312,C_bruta,aqua_lst_dia_c,128110,5570
ganho_l11mais,-0.05450346659468325,0.0070344523060671925,0.0035656154198766563,-7.748075361556461,C_bruta,aqua_lst_dia_c,128110,5570
pct_area_urbana,0.01940991526077837,0.009328219565780286,0.003672986009065724,2.080773841557274,C_bruta,aqua_lst_dia_c,128110,5570
pct_agua,-0.18063928347349997,0.014690506982197754,0.010293721911380902,-12.296327396488236,C_bruta,aqua_lst_dia_c,128110,5570
perda_f0_2,0.0818642615646157,0.008227167359961143,0.004313257464312787,9.950479670927995,C_zhang,zhang_lst_dia_c,100260,5570
perda_f3_5,0.03171925485834116,0.006710309619514655,0.0035487557678364912,4.726943562499185,C_zhang,zhang_lst_dia_c,100260,5570
perda_f6_10,0.03967747548112857,0.0050167040542367525,0.002549995407884462,7.909072381421382,C_zhang,zhang_lst_dia_c,100260,5570
ganho_f0_2,-0.059522371506986145,0.014170169444803746,0.006077571686411823,-4.200540560847931,C_zhang,zhang_lst_dia_c,100260,5570
ganho_f3_5,-0.08135144607022866,0.01176859686551765,0.005063618470111744,-6.912586691501932,C_zhang,zhang_lst_dia_c,100260,5570
ganho_f6_10,-0.04774111582538807,0.009822912880578108,0.004537292323643389,-4.86017909410374,C_zhang,zhang_lst_dia_c,100260,5570
perda_l11mais,0.039082653383703564,0.004353280083039749,0.0023061328353197815,8.977748419167522,C_zhang,zhang_lst_dia_c,100260,5570
ganho_l11mais,-0.05481224284864963,0.008482771540874522,0.003362858944933577,-6.461596022542276,C_zhang,zhang_lst_dia_c,100260,5570
pct_area_urbana,0.013550096743807518,0.012836879097842325,0.006253571461877199,1.0555600501125755,C_zhang,zhang_lst_dia_c,100260,5570
pct_agua,-0.17065037163867625,0.0154822086717473,0.010925235841772315,-11.02235315753672,C_zhang,zhang_lst_dia_c,100260,5570
perda_f0_2,0.06590817641329115,0.008745328181231032,0.004085406949860611,7.53638686250121,C_seca,aqua_lst_dia_seca_c,128110,5570
perda_f3_5,0.028583867439776554,0.007632668429536359,0.00355700625125169,3.7449376589142442,C_seca,aqua_lst_dia_seca_c,128110,5570
perda_f6_10,0.034166640495598075,0.005949454852236807,0.0029263161310092065,5.74281868577463,C_seca,aqua_lst_dia_seca_c,128110,5570
ganho_f0_2,-0.07061226229460865,0.01507029896471037,0.006325799677228276,-4.685524982613756,C_seca,aqua_lst_dia_seca_c,128110,5570
ganho_f3_5,-0.06746206679938468,0.01251660260852212,0.005340255680041746,-5.389806556089917,C_seca,aqua_lst_dia_seca_c,128110,5570
ganho_f6_10,-0.047817938557474134,0.009763314355550997,0.004723972120473065,-4.897715756769311,C_seca,aqua_lst_dia_seca_c,128110,5570
perda_l11mais,0.029665009598273374,0.004878255758476702,0.0023755515643255364,6.081068944924826,C_seca,aqua_lst_dia_seca_c,128110,5570
ganho_l11mais,-0.06308648137504635,0.007974504388506337,0.003625578940664401,-7.911022215496298,C_seca,aqua_lst_dia_seca_c,128110,5570
pct_area_urbana,-0.0183594838448197,0.013152405515488127,0.0050135118634506625,-1.3959031162170126,C_seca,aqua_lst_dia_seca_c,128110,5570
pct_agua,-0.1952934641414036,0.017558223385855314,0.013133702602377577,-11.122620999270893,C_seca,aqua_lst_dia_seca_c,128110,5570
perda_f0_2,0.05561596063854728,0.008177305167375195,0.0037857594650927274,6.801257810511584,C_bioma_ano,aqua_lst_dia_dessaz_c,128110,5570
perda_f3_5,0.009267204321218872,0.007608627919304844,0.0033788793124542266,1.217986267629915,C_bioma_ano,aqua_lst_dia_dessaz_c,128110,5570
perda_f6_10,0.016477390647297196,0.005130313589980901,0.002296731923843387,3.211770656568878,C_bioma_ano,aqua_lst_dia_dessaz_c,128110,5570
ganho_f0_2,-0.07073979750103696,0.017537141206049007,0.006786109239815179,-4.033713173081882,C_bioma_ano,aqua_lst_dia_dessaz_c,128110,5570
ganho_f3_5,-0.06851991303466744,0.0165037679704518,0.005925695184870672,-4.151773895351951,C_bioma_ano,aqua_lst_dia_dessaz_c,128110,5570
ganho_f6_10,-0.07114182772084218,0.012152904411622594,0.004571626619078985,-5.853895111098277,C_bioma_ano,aqua_lst_dia_dessaz_c,128110,5570
perda_l11mais,0.013318420312824722,0.004012204198849648,0.0016940221251688812,3.319477188285504,C_bioma_ano,aqua_lst_dia_dessaz_c,128110,5570
ganho_l11mais,-0.06166541159994122,0.010881557149675635,0.0034498364794599504,-5.666965743205179,C_bioma_ano,aqua_lst_dia_dessaz_c,128110,5570
pct_area_urbana,0.017500946764254576,0.011516386935340323,0.0051898739824654885,1.5196560225455296,C_bioma_ano,aqua_lst_dia_dessaz_c,128110,5570
pct_agua,-0.19484629550140725,0.018092381824966263,0.011411126051985384,-10.769521524939991,C_bioma_ano,aqua_lst_dia_dessaz_c,128110,5570
perda_f0_2,0.005603405834540536,0.0033148582661568855,0.001818331397794877,1.6903907753005987,D_tmax_brdwgd,tmax_media_c,112497,5357
perda_f3_5,0.004191645753569303,0.0027684726681833738,0.0016470613443692766,1.5140643437595476,D_tmax_brdwgd,tmax_media_c,112497,5357
perda_f6_10,0.0038715866816699277,0.0021732729915603303,0.0013826623387840162,1.7814543762816795,D_tmax_brdwgd,tmax_media_c,112497,5357
ganho_f0_2,-0.016123891290335774,0.005582740139832406,0.0028228615333931745,-2.8881679760254455,D_tmax_brdwgd,tmax_media_c,112497,5357
ganho_f3_5,-0.009185003519886176,0.004590166060641672,0.002304894472910716,-2.0010176970813514,D_tmax_brdwgd,tmax_media_c,112497,5357
ganho_f6_10,0.00705570226711942,0.003953678376111696,0.0022029066212670948,1.7845918650718513,D_tmax_brdwgd,tmax_media_c,112497,5357
perda_l11mais,0.0018083830074801326,0.0019419871473368721,0.0011614691259467056,0.9312023562874984,D_tmax_brdwgd,tmax_media_c,112497,5357
ganho_l11mais,-0.005078742486075435,0.0032999603792204907,0.0018892675646336766,-1.5390313526355501,D_tmax_brdwgd,tmax_media_c,112497,5357
pct_area_urbana,-0.027872739064131707,0.008615815665217172,0.005195510622508829,-3.2350667826676562,D_tmax_brdwgd,tmax_media_c,112497,5357
pct_agua,-0.02845967905337995,0.006564752421971318,0.00495597012092022,-4.335225035772765,D_tmax_brdwgd,tmax_media_c,112497,5357
perda_f0_2,0.00806490681688495,0.0025234985824595805,0.001428550593726926,3.195922863972573,D_tmax_brdwgd_1996,tmax_media_c,144639,5357
perda_f3_5,0.00425989883269331,0.0020600549667968548,0.0012431363838895926,2.0678568782642515,D_tmax_brdwgd_1996,tmax_media_c,144639,5357
perda_f6_10,0.004884041970447121,0.0016213547942517622,0.0011051358640891916,3.012321539839806,D_tmax_brdwgd_1996,tmax_media_c,144639,5357
ganho_f0_2,-0.005823914124100586,0.004157322553074815,0.00190465335140557,-1.4008809876426682,D_tmax_brdwgd_1996,tmax_media_c,144639,5357
ganho_f3_5,-0.009091684734791225,0.003543054753795401,0.001754940683284023,-2.5660582086833417,D_tmax_brdwgd_1996,tmax_media_c,144639,5357
ganho_f6_10,0.007342710783970052,0.0031666232797986373,0.001845763834691684,2.3187825437944003,D_tmax_brdwgd_1996,tmax_media_c,144639,5357
perda_l11mais,0.004204927310373748,0.0014010075772678617,0.0009369894317375803,3.001359434881771,D_tmax_brdwgd_1996,tmax_media_c,144639,5357
ganho_l11mais,-0.00430470274544106,0.0023664225275803145,0.0014445199742923044,-1.8190761350816975,D_tmax_brdwgd_1996,tmax_media_c,144639,5357
pct_area_urbana,-0.01944420893737331,0.006954514236076867,0.004623298122561827,-2.7959118749812273,D_tmax_brdwgd_1996,tmax_media_c,144639,5357
pct_agua,-0.009530707656165753,0.005240579727956664,0.0039948012431867035,-1.8186361339610488,D_tmax_brdwgd_1996,tmax_media_c,144639,5357
